track_id,track_name,plays,artist_id
00EzdWhfYcUQ8TZLXBciHY,‡∏´‡∏•‡∏±‡∏ö‡∏ï‡∏≤‡∏ù‡∏±‡∏ô‡∏ñ‡∏∂‡∏á‡∏ä‡∏∑‡πà‡∏≠‡πÄ‡∏ò‡∏≠,1321354,4ykAAPcxGHz8z6N0muxbIP
00cE2yTZLjn2AKjHttfNfd,"Meesaala Pilla (From ""Mana ShankaraVaraprasad Garu - Pandagaki Vasthunnaru"")",6673097,0L5f9aJIaxQXTipZ7uQYiC
00rmbYNCclOV6Fszw7t27a,Êú®Êòü,836106,5FGlhIQqewJRV8fx24toG0
01am0E7bqQzLFnXmREJRLc,EMOCOES MENSAGEM,600211,1yevH7mkPMXeSTnA9SwHvq
020bssNgFXN1bWUYZuKyOI,unhappy,1211211,1UNYYQRaWX6QADIJufgNLh
02DTg31OOUTrDpP2gogTRx,MONTAGEM COLOM - Slowed,707750,6ejSrvgmt2Rhnv07C1FLov
036RDqV75fu4mul3doDxyg,MASCARA,738255,6YmJPuYzqe1HsJArGYcHBJ
03AFW2unDBhYoTEOuX7oeu,N√£o Volta Pra Mim - Ao Vivo,1231041,7nVA7u9N6fIcxxTXJDl4hq
03NV0xgGi5ivhK4JYkAmLe,Love in Slow Time,799734,0SPHOEwCSzS2yrC6S24usM
03gKien5h6AEM870zsSYxm,GOZALO (Ultra Slowed),6688121,09cKncAQn28NqTUORLMwSR
03mhpr8KxKGRng1nDfHnn2,‡∏£‡∏±‡∏Å‡∏£‡πâ‡∏≤‡∏¢‡∏ó‡πâ‡∏≤‡∏¢‡∏™‡∏∏‡∏î,699595,4ykAAPcxGHz8z6N0muxbIP
04KiE1HQJjNQU8koN8rsVs,Deeper,617726,6YaiytTo7ird6rLHP2BxYL
04YMLAsyIAe1sLb6RO5YcC,"J Balvin: Bzrp Music Sessions, Vol. 62/66",15584604,716NhGYqD1jl2wI1Qkgq36
04sxgjJL9yQRd8LD9SysdX,Balls balls balls balls,978671,32RaA7TgQ8WDXFG7xYBxXE
04tnLqh6lAG2KDheAY9ZYs,MONTAGEM SIL√äNCIO - SLOWED,540677,3WKszaLW7cN3b7RKzNIyCX
05HvP9SPEQzEKUB9wqSskd,LOUCURA LETAL - Super Slowed,1234462,1kd6WqngBvP0Vthu1sGI0j
05axRIbcO9nhPiuLRz2pOW,KATYUSHA,2342774,1oHVosfRZkSB6LA5pFAta2
063pH1qYBplwBdrbKvkml7,Somebody's Doin' Me Right,2778416,4MoAOfV4ROWofLG3a3hhBN
06455EyunGQm3ytRvTEoWc,ALTAMAR - Remix,552983,2vpwloS2Oqgn4tSxcfVuCq
06A8Tr7xB8nffxyZOwPClF,Ciumenta Eletronejo,657677,1HJO94rJDdIYO6hoj4NU3b
06Ikvb4t2utDtM74MZcN6R,Ainda Bem / Resposta - Ao Vivo,3578420,6vTqEFbTtTRJsuIpzZgjxi
06aCcrOFZurkKU1N30YDcZ,EQUIPE CAOS (ELETROFUNK),549232,2qOkka1IztYKtVxyIUdwbr
06bb202h8xCZ904uMx8Z28,"Rivalry - from ""Heated Rivalry""",1001665,52NQGJWKvdWMbKxThs2fNC
06jg5hmitNCw50znrqJacw,N.W.A,1472434,6Te49r3A6f5BiIgBRxH7FH
06oRwfBISxd06rozMDDogR,Bad News,6092124,40ZNYROS4zLfyyBSs2PGe2
07KsWpzh1iP6OiUgcwc5rH,Los M√°s Sueltos (Remix),643648,1iwzxDCn3LikHvzTC3OFZA
07V3bkEdKnGwJJjKqa37F4,Nome Proibido,2316285,3H6OH7RAewpltqfllptffV
08C6m4alGcRaXEbm6IMsNs,Qu√© Rico PR!,1494494,2AbQwU2cuEGfD465wCXlg2
08DchrgnFXBD6H142l4tvY,SCANDAL ANTHEM,1318819,0copVQkrcbfv5CzOyXuLKy
08WX097zEdZviqKqfp7S1x,GOSTOSIN,15737366,7FNnA9vBm6EKceENgCGRMb
09uopYcL4Hoc1d5Bh0PZ6G,Talvez Voc√™ Precise de Mim (feat. Veigh) (Funk Remix),658788,5O3o9dCPHAVtnBrnwFri8j
0A5DXxbwE2YbIHZrzXT83X,Rivers and Creeks,3693862,40ZNYROS4zLfyyBSs2PGe2
0AWbhOimtlECEsQP0H5J6Q,CARNAVAL,3103023,0nFdWpwl7h6fp3ADRyG14L
0B0V6mIB9zsL5YyBsgSL02,MONTAGEM BAILE DE FAVELA,1186837,2uTF1m8tP37muytAgD4YAh
0BUvxX1tTOSJcsn6Y24Bsp,Say Why,6992165,40ZNYROS4zLfyyBSs2PGe2
0ExFfP6MZF8LLUDknAYzkO,"Nache Nache (From ""The RajaSaab"") (Tamil)",1283621,2FgHPfRprDaylrSRVf1UlN
0GecnrwlbhYKU0occvdJPs,ACIDO III - Slowed,13107533,6ESoeEazu57neU7UM6KRuC
0Gfj3PJYYEXmhV0Qla5HQc,Chiclona,9260614,34pmYm95tyjrnk8Cbj6nFo
0Gq4EpeQG0lERQyAA9etDt,R9,1586446,6Te49r3A6f5BiIgBRxH7FH
0GsNZAEjrG3xnjqsNm9aTq,Booma Yee,675767,5zeN5UUPeAzIZDBtSmjGTl
0I1x7qShAoqft0O0gk7Bau,Work Hard Play Hard (Slowed Hardstyle),1509446,3Vtn4tPlT2mTkh8WvgBLOJ
0IpjVkKj5FKRKSk5hAx5Bk,No Me Dejes Nunca,14293206,0ys2OFYzWYB5hRDLCsBqxt
0J6YQ9KDwmnwD1sboA8UPZ,SHKINI,9874416,5rQoBDKFnd1n6BkdbgVaRL
0JMFQ6DQloVNDZzYnpopAM,Raiva de Voc√™,712599,30tExRU8h8VOiCeL9ia2aK
0JO9VhYHF6EI0KSw9xLI6A,Tahanan,22509149,1r2yCpK3TvWvkZQ2vFhDF0
0KA9o22Q8NfrASYKNwU8tM,8AM - ENSE√ëAME,2671322,77ziqFxp5gaInVrF2lj4ht
0KPlbfJ7e8Beufds7pILpH,Make It Work,1286179,1dESZUZevzhd5dzq9ZsMLI
0KiX541gkZHZ2SNC5jctSd,528 Hz Fall Asleep,933225,4rXABp4A7KjG9elWFNAbO4
0KpIXnC0uUnlGZDhwISGzc,Strut,11502454,06RpzoM1Ww2pvhWLMeRRe1
0LSeiKUNrkerJtnV6sbjn9,528 Hz Sleep Meditation to Release Anxiety,895628,4rXABp4A7KjG9elWFNAbO4
0Lav2C23tnHkGjjc4ODwZi,Shakira Jatti's Hips Dont Lie - Nachdi Patola Banke,2884163,3EKb7xF5mZHpqukpdzHkwI
0LlxNxh50ndZIKeJVkiDuW,Besos En Guerra,651310,0b1vlMqqnLOtD28hVLVvzB
0M4O6UEu4F9SxImTsBuX9n,DUET,6743523,4XpUIb8uuNlIWVKmgKZXC0
0MBvgnHXWHA9iusb7TZb9K,We-Skhinkily,2081563,5afMmKIQumBXjSdEpTzS0Q
0MZxm2o1pedxNPD0ORiwgg,Akonuche,1771769,4Z3LLYwCpB9OKKaSttnapP
0MsHYntRES1QW1VtuhfdUk,SIERRA LEONE,11234763,4BUeuxQIWI69tEYuvzbv6D
0N68aqn4x0x4s503YXbSQt,Exagerado - Ao Vivo,2269139,1sDVuztNhGcetCLChkleDA
0NG9Vlg7X0NX0X5fkBv3ND,Everytown there's a darling,1643020,2nmWcAqQtfgNp8Kpixa2CG
0NPhwu2UVS423ls73eKkTm,Dynamite - Slowed To Perfection,652581,0mv06HWAJhV6nK7zd2eZwp
0NV2KZOCbc6YdrUmB0QYeO,Let Me - Bonus,1511761,2jku7tDXc6XoB6MO2hFuqg
0NiiLms82TzEoYboyNlH7s,MOVE YOUR HIPS,749471,2vPnS0IpayC2RVFuQA08R4
0NpdbvR5IGkOtXM4RJ8fR4,Generazione X,1058791,6PsQc21YZU7WNfiODG69Qk
0O3keIplGF51wSLcxglLhb,still the one,660401,0v0qVX2tr51uzIva7EjUxE
0OEyemEMBUbBbGlcb3w9J4,"Ghar Kab Aaoge (From ""BORDER 2"")",6260225,71hjb5G92mGoKRSAW3Cj00
0OVYhtxxWQn2pcs3XR095M,Niet Nodig,3358723,0YLlTW9rW7ZCy2cA2u3RYk
0P0GZSQTYSdCPzQar8Rbqf,ACQUARIO,2098823,3hN3iJMbbBmqBSAMx5veDa
0P3YLLto0LmRo7z6o0Cyz9,Raga,5362625,79omf4LgzaVAnXIRWPkJUq
0PA6wI9DZ0bWMaSpXyTrAW,PUES QUE LE HAGO ?,27855516,5c8ZR64evQ00Spl73s76fo
0PADy7eRJV9MBmUh4OgI1i,Heaven Knows - Rock Version,5844422,1wyY1DhksbNimjRRgm84d8
0PF2ZG8nMgAAcYwWLwYqnM,Of the undiscovered country,757015,2VZNmg4vCnew4Pavo8zDdW
0QuHK1VvIZ1Kt2GfqRrdVo,MUSA,3996661,4UhDECNxyqKv0Cn0sua1MC
0R7grQWU1dRxiOQGIqZm0Z,Shararat,30583548,465OXuCU8YZNmVG1leLwQ9
0RGonXl6geTopgDmkHQEKS,‡∏û‡∏£‡πâ‡∏≠‡∏°‡∏û‡∏±‡∏á 2026,650162,4tM1FV7wm8Tp4bXhtWjBmX
0RHIyMHKSa4ulubOfPyNU3,Young Blood,644796,1273CkIB0lP8EWV7OoqiKc
0SBI2P0sOKIBnr6cPcojbH,1911,719171,3fD8S8sslhiMSVOdXv8yuG
0Sa8aRfGckW0qUGLrBwoBG,Todo Lo Fue,10391795,3hTffafUYLLgO4yuPAxb5U
0TBwd8gAbZV8uPo1Ub6Ymb,Marquinha De Fitinha - Ao Vivo,1484748,7KVJCU4z5L4EUHILL8aMxR
0U1TeVxM67Qig7YBdiAosz,Seet Lehar,12199663,0w4av5JIPZk9ZQ0lg6WwY4
0UPCtjbB6ZsK39KIE9p3Q4,Raja Rangbaaz,1221795,1T7MiVJ2MJlR5GKi11w4VT
0UQpFBbWxkctTHSJU9pQCi,Fanatismo,862262,3OxZ4asD88P1lJJmLcXz4K
0VOnuIfnGd06BZ0YCh6bBn,‡∏ú‡∏π‡πâ‡πÄ‡∏Ç‡πâ‡∏≤‡∏ä‡∏¥‡∏á‡∏Ñ‡∏ô‡πÇ‡∏õ‡∏£‡∏î,1025385,4ykAAPcxGHz8z6N0muxbIP
0Wf9g5SEVsHFAHjx6ORTjZ,Sometimes I Run,1487952,31n9JDnz0dcAx6lmwHRIaz
0X3m0HEj7MM4l2IycuQk9k,Sleeping City Funk - Slowed,2814010,0NNEggTd7RupgifjoxF9tG
0XQvtQJR0I5fjDUGswzwZU,Casa In Fiamme,865606,59MLbXG0jLVwJup3KAd6m1
0XdWJ7lfRPfyxhsOlGi5le,Tr√°fico De Rima,890457,6ogNxRbtZDpaCtOUBaf09u
0Y6YW1552df031DjV8qBHv,"Gehra Hua (From ""Dhurandhar"")",58437346,465OXuCU8YZNmVG1leLwQ9
0Ymzr5Fo4i10IaUQz5R0eO,Seven Serpents,945854,3BM0EaYmkKWuPmmHFUTQHv
0Z8Qbs7lqEo7ULDLy69y6Z,Seco - Ao Vivo,3084692,3k68C6mNMJL6OaAdWeW2ZF
0ZCIBMertmMpe9rGNWIjhI,Baby Bell,6410707,51nc2EzirxJ4U2nqjXezl6
0ZJhk5LlgvkPRN2knVnvDX,528 Hz Miracle Sleep Tone,1002754,4rXABp4A7KjG9elWFNAbO4
0ZS647xp15OrbHcM74HLEN,Ya No Volver√°s,831356,063Vp9es6lLAbFUDtIAkFD
0ZcitQC78lqMjm8T6XQEvw,It's La Vida Loca,2939139,5xsRtqtzsn3i2vYi3rcmUu
0ahwvcDwUmqx6nusFmPHxv,VAZIO ETERNO - Slowed,3515876,2JDnku4kiI3LuXeyKtzrhU
0b4zjcPS20V98mzJHM0uwo,Campeonato de Put4,722234,3Y4ODN6kIBNpQj6eWNT9xw
0bA9nsy1nceHSYwNhFCcWU,La Princesa (Le Doli√≥),572101,4pergvNsYlbWJg7TX6ISbp
0bkRzGY32FrYEy7xG02gsv,ÁÑ°ÂêçÊ∞è - (NetflixÂΩ±ÈõÜ„ÄäÂ¶ÇÊûúÊàë‰∏çÊõæË¶ãÈÅéÂ§™ÈôΩ„ÄãÊèíÊõ≤),525387,5Hq9W4AHt4ykIEJp6ObqOG
0bu7lHmTzz2iBzqbT84olJ,Belle √¢me,802654,1DcL22xdIWcdNa4ZHaXZjT
0c1agmy1F42H5fDlS4UFSa,Noite Bela Noite Linda,2141502,1bpnl8qbR9GxmiNlkEufW6
0cwZOQqYBYqqjbbACBNYQw,Who You Are,2483114,5p9HO3XC5P3BLxJs5Mtrhm
0cz6nvlqemvTygR3Bwybls,Alive - DJ HEARTSTRING Remix,1221612,67hb7towEyKvt5Z8Bx306c
0d2OevhRY98n6MJIAt9zLh,Ritmo Lilly Wood,1358698,2pdregtTGt1CuXZkXzEd1r
0dejOmsUWCsdIGWBMfe0lb,Helios Rap Remix - JerseyClub Mix,1587997,1KBz7cHeoubLpAzcJNMRpI
0febwTwLDSZzrt46i1RBF5,Ishqa Ve,29225645,1Bz46nDCMO1UOKp9GJjL92
0gqjfjU0NWengnpOKPQYNv,‡∏¢‡πâ‡∏≠‡∏ô‡πÉ‡∏à,698177,7dlehfFf7aaW440t5jmero
0hVL1RhFEnCXGlXNAzm3Lm,Ese Loco Soy Yo,1294243,5Bb18koIu6bYuvZWzYKkLJ
0haKFpr3tpRVClroNbUnHx,NWAR,1710115,6Te49r3A6f5BiIgBRxH7FH
0hkhkJRjLVc8dQb4otKwvN,Contigo Vibro,734476,3HeDKhRrGbkjhnI6fKQJbe
0hlPsa2ntlZwppEl7QdXwU,Play Hard (Hardstyle),1049188,1pHV2NLZqJVvMQruGS9Fir
0hrR28IofCUiGDfL5eT2S4,"Faith, Pt. 1",1297643,3EZWlSBWlPsC8lCI2Y36Gl
0iI3QPTdmMzXf7dMApinMG,ACID,1319263,7qvjUtp2ccRD9AiDnukyFF
0iIl1NDawjYEiHumXLjZjY,ALLT SNURRAR,839020,5Cbn1PScGFcG2PlibZY65u
0iRUtCl9l0qYdO3eLJV3wL,Badness Upgrade 2.0,997306,3zorWCDx017sz4UYP2fC9w
0jDBL4EmgC7SF60GzT8wrz,Cora√ß√£o De Pedra,1586548,34dfPo3Zi55yM6oV46q4y7
0jJ7cHoHGBbxA5qQ3PiD2X,TRIADTEKK - Super Slowed,700231,4zA8FdPVZlbGZQBseivZun
0k3pfjnlvR6ksjQo4IKgWp,One More Night,868008,4QIrb9XF0JXLmlJV1z1puH
0kG4t24uQCfcC1aZL3LyFu,Gut Punch,3706433,4Rxn7Im3LGfyRkY2FlHhWi
0l72HGRQkAR0imHxvpLi8a,Die On This Hill,125952725,02gSuSAWEdWa5UOvqzjX6v
0ljATWpzUmU94vFRDNxbyq,HARDTEKK AMERICANO - Slowed,650972,1QCBeVaMmjZTeqeiQ7njws
0lmQ7cVyO4oU2hpsUuUnO2,Solamente per amore,2266641,6PsQc21YZU7WNfiODG69Qk
0lriRDVhbDIfkMhfNg4nwL,Empieza por ti,643809,1Qt1Xd6P7HhuooyzDMeWJa
0mIjarmMyVMbuUhPrMX8vE,Think About Us - Lucas Estrada Remix,724829,39B7ChWwrWDs7zXlsu3MoP
0meT5RlKZVTLQO1JC1BUpq,BLACK PILL,952043,0vBPuNcJXIMQFtlVLZJxMH
0mmeqWh5rnI5ZyAhm3l1Av,Al Calor de la Cumbia,1376494,579lu61M2KqjbyKG8EaCww
0myRViRgmQ3J8izICXEAVO,I Thought I Saw Your Face Today,120815244,3CIRif6ZAedT7kZSPvj2A4
0nUtVI615Cfu0hi3NqJNLN,KILOBIZZY IMMORTAL,2420702,2hs1DM1Lbd7OA9VDQgeEbc
0p905wyuo2Wd0JPMZP4lSC,NO DESCENDO - SLOWED,1664914,5tIkxADHN80ca0K6HCpWIt
0pa70WIyVyI3DY4bcL2vZo,‡∏™‡∏≤‡∏ò‡∏∏ (Sathu) [feat. ‡∏õ‡∏•‡∏≤‡∏¢ ‡∏Å‡∏ô‡∏Å‡∏û‡∏£],2116544,5ghOUzxpnQmnPQDwC1thIz
0qEGLPc8UY9IkXl1oLCOWW,SEQU√äNCIA CUNT (feat. Clementaum),6842051,5wbf52LA6kcaboHSN6NEF1
0qxkl2w6rI4aLMzatQhUXv,WHIPPIN,748074,5A7T1LAGJg5NXySBoIKUmF
0qz5Hbx1qAvAYDw1129FLY,Fim de Tarde,783070,6aoGgTKGqtsjj48ymcNs4Z
0r50cnF7Wo6nVQPhqSYbpc,morras II,12639667,12GqGscKJx3aE4t07u7eVZ
0rGsJ5NdqXOscGJQM4ue4q,Work Hard Play Hard (Hardstyle),1049188,1pHV2NLZqJVvMQruGS9Fir
0rUNTb6fwTkjU3oITIOwhM,Cupido Quebrado,1354592,2yL1Xd2kQUfjIROOF73YRP
0sDLgxgS9nnm1eTfkHJrMQ,OQUE QUE TU QUER X QUERO BRINCAR - MTG,3120966,4e3VXp9wT6m3w46kdcYTmF
0sH7M5s2bEWFRe7v7VRemW,BIG FEELING,686780,6OjtkJDlAZzlzAydEn78cK
0sOZrTlVYRFyq5dmclBlrE,Aeroplane,3203263,40ZNYROS4zLfyyBSs2PGe2
0sdPwPOYj1W5SDSWDWmp46,PENSANDO EM MIM,2033415,5FK5T4mGxkfedPwBdFnw1X
0tmckE7qL6n5t85O7bpXBG,‡∏à‡∏∞‡∏ô‡πà‡∏≤‡∏£‡∏±‡∏Å‡πÑ‡∏õ‡πÑ‡∏´‡∏ô,1545820,3MjUtSzU4lplyjnX01fTSw
0uvnGQnVe313EXePbRnZEH,"Shararat (From ""Dhurandhar"")",30583548,465OXuCU8YZNmVG1leLwQ9
0vE1WglBbhmd5wDO49lcih,lulu.,3176933,4QvgGvpgzgyUOo8Yp8LDm9
0voHmspDm1Z4Js8jeBb5r3,WALLET,1974555,6Te49r3A6f5BiIgBRxH7FH
0wC5n42Q23ZLYnrJmreKcb,Deus Perdoa - Ao Vivo,7315847,2Z0lRIqr997lIUiPtrpKCr
0wKWqXhfHCguE2ylxibYOc,Bilder gel√∂scht,2763209,6xXFSlwZnP98zVxs7z1eb4
0x1YAtFe2kPBAYwrnaaPWM,"Ishq Da Chehra (From ""BORDER 2"")",1047490,2FKWNmZWDBZR4dE5KX4plR
0xKQmEQqZqjvfDOeY81D9u,eins zwei polizei hardtekk,1890118,4yqOpKYdk5ScLRKwqGs4SC
0yENvdQWdzbobVgxFSxkeS,Traumas - Ao Vivo,1942131,6vTqEFbTtTRJsuIpzZgjxi
0yqlXT71fhBEMbi6NwaVG7,DARK AURA FUNK - Ultra Slowed,705751,13K5EFpxgLsAHHuUv8pdoI
0zJ73feFCS8807usUclLWo,Rebanav 126bpm,10221611,0mnNM5o7vtxo3ivC7Tmoah
1058sUMtpp1VzClrgcox6W,Breathless - Punk Rock Version,721907,5FZNS1bCNu6hMt1wHaze6Y
10Ad7f9fnUaUjZ1bdZWBKr,billete,17482949,12GqGscKJx3aE4t07u7eVZ
10mXIlKiPPCO31c5dpGrKK,Pal Pal Jeena,750298,2hFQefSVL7x4IYTCyv37Y2
11ZsxSle3jD66Yf6AZreuD,"No Soy de Aqu√≠, Ni Soy de All√°",1186992,0ElbMDEefrgdxl0geuDPHn
11vvgCRgrT45jSlfJ0fgkD,Where The Rain Used To Fall (Rain),854948,3X8jbykM6jKWuKKSzQ6kCb
12X6Xp0LYHgEFOnofZcGCn,Loquito (with Celine G),1501862,7F2utINZ6tSokSiZTQBE27
12bYYQaLqHliSXvRIYlq8G,I Just Might,37791192,0du5cEVh5yTK9QJze8zA0C
136BeIIoBGrrU9fI1jbcDR,da√±o,43243107,12GqGscKJx3aE4t07u7eVZ
13CwOTXUgBugeBByE9oIWb,kota ini tak sama tanpamu,52747460,6UgERnTHmjk3qXM9x5vzyO
13XTDTngvvkb3b2FpBOQXU,Tu Nombre en la Oscuridad,3729319,0tuO2DDZTKEQ6t6RT47WKH
14BX1vNexs7Wol6s4j5htB,WHATS LOVE,900532,5A7T1LAGJg5NXySBoIKUmF
14Gt0PQM7nxO5Etc2wwcpU,PILIER,2808573,6Te49r3A6f5BiIgBRxH7FH
15VU8IieHIxxzvI02WwzKF,Anyone I've Ever Hurt,717560,5Cw0RywOrfPAzlLEsrBC73
15iZsMKkQIcf1RYDeckY2C,Meski Perih,769304,2zrMuruIsDXrQIQHuLU0sj
161WiFPkIQNMcJKhGJvKey,DON'T BLINK,892276,4O62WgS3WJuYevl1P5MmTg
161dJFOgyuYcgKg0AzYuAh,Ela k√© Leitada,1836143,71NQK8ufY5t7SeiMAhPB9I
16MqWeS5rlcf0GiE70Ojfk,R√âSINE,1522527,6Te49r3A6f5BiIgBRxH7FH
17UfxximZLhlPil49FJ3w6,WHERE HAVE YOU BEEN (Hoodtrap / Mylancore) - SLOWED AND REVERBED,954662,1JCkyoTjnXO1tOVkcabgci
17r18GzFNJzLZxn0d3k0ns,"Masth Malaika (From ""Mark"") (Kannada)",1410634,3PjvC3vaZ6wh5FK6PZ4Dd5
18KyJgSmfIPEsimWshBojB,Deusa,3755025,1YOVBTvznjiDvtAj4ExHeo
18vq9NOWGl3mGRuZloz7MM,Un beso,909486,0znHeiocrsC2Bj33L7FBzM
19aIw4f5D2bMsufW7lYFYO,Cry for Me WA WA WA - Live Version,10318434,3rkwWB8rbBCNTrSvVUBa6C
1AV5J8VYp4UDkiwY0aqxoc,KING VON,3805461,6Te49r3A6f5BiIgBRxH7FH
1AXsHbdIYx2OyKmdOcIL5T,PUNK ROCKY,14994545,13ubrt8QOOCPljQ2FL1Kca
1AhcGLniCMk7dfHugUi6UD,Loosen Up - BENJAMIN BLUES Remix,997731,5PlfkPxwCpRRWQJBxCa0By
1BJKw4ljOeeDT7IvRJPSl5,Heaven Knows - Rock Version,5844422,1wyY1DhksbNimjRRgm84d8
1BKs3X4E6Oc0iM3BxnzyXQ,Menina,3573307,6xlRSRMLgZbsSNd0BMobwy
1BxxNWBw4Sf53DJB6uTkSF,WOODS,907824,2NJWI8byqTSqDaJRnqJY2z
1CD3p5OZ3zWOYdk3FOkfLN,MONTAGEM ECLIPSE,1804881,3QMpCp3GHiHXgnX1LldXWe
1DwscornXpj8fmOmYVlqZt,Stateside + Zara Larsson,59453373,78rUTD7y6Cy67W1RVzYs7t
1E7zLPDdqo0OvzVmGj5aoV,Ada titik-titik di ujung doa,11158061,1NjxFrpEGZTV2Ny0OJxeWu
1GmriBF0jnVFt7fIjI4fLb,Jauh Ko Pergi,1147990,54iY3a5KXHNlG9JCulzNGC
1GxYYYlepiUdRPOCV42VWk,R√âSINE,1522527,6Te49r3A6f5BiIgBRxH7FH
1HMJPJp47JA03weDi0SGfi,"Meu Dinheiro, Minhas Regras",952359,5U55IfWwerZXAqb1WNNfCX
1HSqCfZ5KMyOrAAG5MNAec,Jangan Tunggu Lama-Lama,1394418,6iwGYa6SkkbWU3JjwLuTAQ
1HX3KIVlZpHR7wobHvQQZ3,With Heaven On Top,3123019,40ZNYROS4zLfyyBSs2PGe2
1HadQI0LBZKqF2J6iTRn0t,Nighthawk - Reprise,4159330,6gLleDsNwfehG7vWuK2zQe
1IuKaTWoBcNkvaUFhGVAr6,Paleta,2370764,62SDpKzU9fECZG82LALByM
1IwA4UYENdDLtR0IlfYFnE,RATHER BE (feat. Lithe),7480796,2tIP7SsRs7vjIcLrU85W8J
1JaejNe1XaN3a4UH2mOkHS,MOSHPIT (Gachiakuta),596789,1FDAJKaPzIzRHJrl3Smitm
1JeJ5XwrM2qPa7tDS2CRQx,The Old Law,603135,2kGBy2WHvF0VdZyqiVCkDT
1K91ZzDBDvdnY8KwbTlUCL,Playa Marina,2893548,1i8SpTcr7yvPOmcqrbnVXY
1K9LuUxnZtDcErhIn2jySJ,Cadaqu√©s en Novembre_freestyle 2025,746182,5mmEMfYChd6MImBagU7zCs
1KT9uTI809NevhxpAsorlB,VAZIO ETERNO - Super Slowed,548738,2JDnku4kiI3LuXeyKtzrhU
1KtEXGKXiuTvQ1X7X6NMxP,Ngga Dulu,667509,5Og7odNbxSKQJ023S4MHVw
1L1VsIE7gnQr9hHCpAwO3o,HEAVENLY JUMPSTYLE,8246137,1HcduAQRxX1Q9hOTAQ8bOI
1NA4kISEy45Ku4EFtR9xwg,numb,3951584,0TZD5e7AMfl6KIOoBrAoye
1OGEmshkPfuviqljSRYW6a,Fitratein,5123322,4YRxDV8wJFPHPTeXepOstw
1OHj2WRXOR9XdCV6PuptXv,Amarte m√°s no pude - En vivo,1904884,4FoMtKClFtTNsfQN7ivDII
1OeW24Ek3LEthuQz1UyYCj,Lost,5182092,28uJnu5EsrGml2tBd7y8ts
1P8c9qEkkEj7uJxnSWd7NX,BRISA TE LEVAR - SLOWED,2018470,1qaCszXlFNPEnCELYBixa5
1PPKxYbWmwZuOkD82NcT2V,Tu Trauma,999363,3yJ7q2MEpB9SLK9Xy1EJ2F
1PTHYCi18n0dCNv0xOxtt4,Vida de C√£o / Ponto Final - Ao Vivo,9073888,3hq7WoPJsrRP0KMSLhUgRz
1PqDC7jkamgyygktxr4CQD,Stereo Love,750911,2Wzb0u138rgoZQTK3ytknT
1Q0pG9JMCGpJ6uyFC9GvkZ,Conceited - What The Fuck,4062121,2WqpiFf7QEVviSgnMrzalX
1Q3UUPU4Pl4zVsmIDsQxDU,Good Things Will Come After the Pressure,775363,1uRxRKC7d9zwYGSRflTKDR
1Q7xmcaclrfJlzsUKPo90N,las guapas no morimos de verdad,802103,0Hx5M9oJbPM1sGqQ6iNgkB
1Q9AA6bYXxJBXPxBeQsLf5,Freed From Desire,2464514,5v8NhwxY9vLSXmoLLBIobl
1QFFPCedVa5jCyE35tkWwQ,Cantada - Ao Vivo,6432194,3qvcCP2J0fWi0m0uQDUf6r
1QUE9sIUcCA2uvcieOQ2uJ,Dive Into The Ocean (Prod. By Alok),1340363,0NGAZxHanS9e0iNHpR8f2W
1QxWsh6YFrAhxno50IwtUe,viejo lobo,10993277,12GqGscKJx3aE4t07u7eVZ
1ScE2netU9CU0VXdOh7EJo,Unfollow Me Slowly,1874034,6D1hKCdOPTrPRBowFYJbhk
1TMvBhqekWmWJSxpmUMgFz,Tenang,6447602,5fS7aONqrIhiw6YzgKVOsd
1TV9RsyUZ6Ikjx0rSB7Cv7,+971,8054452,6Te49r3A6f5BiIgBRxH7FH
1TVzjh4iZFe6n2KkHgrdcd,MONTAGEM DIRE√á√ÉO SIM√âTRICA MEOWSYNTH - Super Slowed,561215,4HxczqyNsvrJs6TnAQe7yX
1UWDkzoTCX0prwWRuSOgAw,O Vov√¥ N√£o Ta Casado,1377116,6kHgGRuWCJ5FpbieBncl9X
1V6IHDltaFVT7PmROGCmMX,Glass Moon,1564620,0zt6SqlvpnZ7LNMWj8ee4e
1VAtSBqecE1fIfxYikIHUG,diamonds are forever,2443250,41X1TR6hrK8Q2ZCpp2EqCz
1VBKQJ5AVNKROv0WJ2h4ZK,LES DIAMANTS DE BOKASSA,4708575,6Te49r3A6f5BiIgBRxH7FH
1VQAlyLNej46KgqADgNTmo,NOS BAIL√ÉO,872432,3la3vRfIuDMsydpPfUBryR
1WhOLRC0lbhXdoJKQmBR0Q,Slide,1153028,5zixe6AbgXPqt4c1uSl94L
1X3saW7eGrSLRVbEIWwFsh,Obejmujƒô noce,4436220,2dLhpezBEgAELn73fiMEak
1Z9m35e1blfGEKMqbj4ltg,"Pull Me In, Pull Me In, Can't Escape",754398,4nC9NdTdz3haKyiZfUMxql
1ZgCkVv20ONBZ1B6D0jDqg,Morals,802953,4h8IEOdrg60WM5XGyNOCVU
1aNVW0fujBVx7JTorTO1jn,‰Ω†Ê≤íÁ≠âÊàëÂéªÁöÑËàäÈáëÂ±±,1422147,1xCrrnnj9xif5G0y3ie5dM
1au4tfpUfLUaCMTPxizUCv,Saudade de Tu,681922,2rsn8MkxTWrYUgLYmhIh4w
1auakYcEuMlBjzGlYkpTxk,Tina,937855,4LdArZAC1QPQdyz8JNOYVW
1b2yH956qyjPXW9DY7j2FQ,Beija Eu - Ao Vivo,1889476,6vTqEFbTtTRJsuIpzZgjxi
1bNXum5zsplM6hadwAKYhQ,FERRARI,1364785,6Kz7MXIUFMtp5Ts91lagtR
1bodUMIXopzGnytdMAyUhu,Baby Mama,1767972,1aS5tqEs9ci5P9KD9tZWa6
1bx6QL4eUThXV2jS3B9atn,SWEET LOVE,1691517,5XKFrudbV4IiuE5WuTPRmT
1c8m9hG6ByBRhGgK1DtjRO,Poison,1745016,2XsKhGOiMsoOmHgckUMpZa
1cKgF7iizS6K7hgx1s9fAo,sip of your name,1236349,1IbdIX1U1e04JRrrh9HQSc
1d1B0o6MT7cMUu5Xd8zTiK,Ode To The Bouncer,781220,2ZdXzNlryuJP0pnFn8CMAr
1d4IKtQRR2OgcuTSyeb3qt,Miraloma,798087,1XpGHmy23Oo4THEMSngF7v
1dFMCEAqlQp50binVa2NIB,Angel Grove,5016445,1VPmR4DJC1PlOtd0IADAO0
1dG5pULcFTuTWgS0CelXUH,LES MAINS DEDANS,1646947,6Te49r3A6f5BiIgBRxH7FH
1dVfOLEg4PCILMBi4DkXBD,LETTRE √Ä UN FILS,2265103,6Te49r3A6f5BiIgBRxH7FH
1f6BCbObfT33KQDYlJEFXz,"Eu, Voc√™, O Mar E Ela - Ao Vivo",711896,3qvcCP2J0fWi0m0uQDUf6r
1gK8piCdSoSZoLxB0K5mOe,MAKE OUT WITH MY CHOPPA,1118878,5A7T1LAGJg5NXySBoIKUmF
1gKn5jiFq3BsGeFdlmvxGH,Sleeping City Funk - Super Slowed,1758108,0NNEggTd7RupgifjoxF9tG
1gcgfnf1Ih9CwjxgL1W42d,i don't wanna die young,609553,33FWu1JTA73HpPE2tBiwNX
1hQZbhuJwt1im8tkGiAJPW,Keep It Alive (feat. LC Bay),1276553,7FNA36ZmHzr9QkZJcQjYcO
1hkgmrxvXASmsqRauyi5jh,Found my Way,2306306,4osA1DTtVEc75xSK2GWZXz
1iwDYI18vwElMKrrF1HPHg,News Flash - Bass Boosted,606977,3sheRP5aTnYIJzyQdFvsaP
1j5oRFd4YUupzF4dFqaINX,Mona Lisa,758593,3h9jrx2NF7x7EkNDZAn2De
1jMhBGKs5FSWcFSqXOlyW9,Loitering (ft. Kodak Black),1254933,5fMUXHkw8R8eOP2RNVYEZX
1jStUvWUJi2tSbWzZ2IjcS,Loco Contigo,1047417,6xlRSRMLgZbsSNd0BMobwy
1krnbjJlpFlvzOcLxkKVOp,GRATEFUL,989422,1ySrbBoYh0KYOI99w8cjMP
1ltdbNm1NPYlbOgrPA2k4p,Fuck Ups,4684407,1VPmR4DJC1PlOtd0IADAO0
1lvrOoXXqhVekKV1VaolFU,Chance Chanel - Ao Vivo,572135,6u3oPV9fJJnIOKvKMoROmG
1lxynUwEgOxUTUm18PitpF,„Éê„Ç•„É†„ÇØ„Ç•„Éò„É≥„Éª„Ç®„É≥„Éâ„É≠„Ç•„É´,622170,0KV9aMuLw3TDXZXBR1Fibl
1m0MV40Mm7tz7D2fIiE46O,Ni Que Fuera,1257820,1Q6SZxTvaE3HhslV0iXbI6
1mlO8hhMCe48yPfkSIhXpd,GOING CRAZY,1359983,6FaLegXtqjGZBH5VFrOlwG
1nqvJkdckocptU9eI9cqnk,MUJERES SOLTERAS (feat. Brray),1151752,7HYJrA3HSTNDmkl5pylhaY
1o5H2v9WigYOWq45mWBnlJ,SAD FUNK,2435306,6oLSau3oxooGDYfXeTXU4u
1oN7NS99C6gkdmL7Rms1RR,Mahal Ka Sa Akin,751430,26UC3rF7JHAKJhYz1peqqI
1p0zeYPLjmIGtw1DzmshZO,Nakupenda,9861544,25j9xL1MTyuycuB2xy2Q9g
1p3WnvhSwOBEhVHyMlPF5I,TRUMP THE BILL,2635496,0qpBGpYogdqtCqzQaRtyaw
1pOOqLDtv22sgnMUXAKBYd,pizza from italia,1740489,6M09SBwYD0F13PjIavxbih
1qANw6M1vJApqSNOX46J97,Superfantasticamente (Superfantastico),9622271,6wduHvHCH5QZtWs6ULilDM
1qUwfQjdSq3Jta580WvsI3,Botellita De Champagne,5751048,1Yj5Xey7kTwvZla8sqdsdE
1rloNkQwwaTL2xsHiDVttO,Eu queria ser um anjo,779906,3skiNjmlfto4ZPeisbNHV2
1sEoiXscPwfpnfHZX0ynl3,LOUCURA LETAL - Ultra Slowed,1191392,1kd6WqngBvP0Vthu1sGI0j
1sGGXzDr5bjEHBpGjwvNdq,House Is Gettin' Raw,879911,48fT8l5w6DNra9lwmMgCdk
1savw4xrxZyzBfc2eRnPvp,When I'm into You,1895896,7m7cqf2HQsPXvAhfU2e320
1scDyegujPu9CK2d6PTYgk,Sil√™ncio,18056413,77HrIL9YZ1VR6Uvf3WGHE7
1sgW7loPL1qtWOPimvm7X5,Make Me Wonder,2152547,5Vo1hnCRmCM6M4thZCInCj
1t2mpO9GpLjRHDDX6SFWRn,‰∏çÂú®‰πé,1503191,4GsjZQZJ3viOq4Uw8wZDbW
1u0D4HZfIl91mHlmTwue5U,KILLING STRIKE - SLOWED,797064,4VMTYSiU1ECFE41abebqGJ
1uFVMQENSTm1HwpFy9pZm9,Tanto Faz - Ao Vivo,647350,3qvcCP2J0fWi0m0uQDUf6r
1uIdJtmtNfErCs3XgMJJnX,MXRDER IN SHADOWMOOR - Ultra Slowed,1172183,32DL6G0wZRUgIDZYTecbY3
1ufIkUdfmB2XvjBNPYKOjs,Trauma,1958004,6PsQc21YZU7WNfiODG69Qk
1unevt03PWzXwf1nYrGlQz,Dois Rivais / Aventureiro - Ao Vivo,1722121,6vTqEFbTtTRJsuIpzZgjxi
1uqCUWuLckeGAcpIthq9xj,LA FORMULA,2321289,3DeOmVSmpv7WknXoo1OS8p
1urifCSCiNVmAzVPm3pzh2,A Solid√£o √© Uma Ressaca / Programa de Fim de Semana - Ao Vivo,706061,5qIpstBGrGteJZg1xIvbiz
1vSoUZsbXp7PrShs2x5BEf,Ocean,833984,0fs4pqQpTlESYfNfR4lDp0
1vUQYZpgqGrQVEOxk3JuSU,SENCY,9122499,6WgjNWwGACXaBy7NZripBu
1w34DSkqLgAI1rPCMS2hM7,Peace Begins Within,849767,5Bv2R6g89dxUwVXBFu2BCx
1wGWpkQbToq50KP9o715h2,INTERVENTION,1122245,0vBPuNcJXIMQFtlVLZJxMH
1wheEtNXn04hxOMCiNIwnE,Lonely Girl,2598651,4UoEzpWZrFWvlGYOzTEn1M
1xIGvE6Uglbk3QoolXMukg,Cuarteto Sessions #5 - En Vivo,1499709,7dlkBH23ERFXxuNoMHq94Y
1xRRW5ZrL7I9EG8CGZrXHE,El Mejor - Remix,15887368,3SEztK9fNxg81qZ8qETGNT
1xytC7yhTxk4ee5MIcIgGg,DICTIONNAIRES,2837162,6Te49r3A6f5BiIgBRxH7FH
1yG1za0O6OK6sKa79xGtsA,Yo te conozco :):,5882328,54seKvtsZauR1iauN0ptpo
1zosr2RSeBC8BavrdLOXpn,GO!,1506762,0gIIFgqTKoleOw5Aym8nhu
20M58repsRnX6x3znzppHd,Gymnop√©die No. 1,842525,26UV9EKIInWeV0jJysGZum
20nKvb65fyvc7vQkqNgeHO,Virada de Chave,949798,1cYhx7ZOhYoVmnDPb9KMwo
20y6xEtoOj2ZBCS4NJNzuS,Voyage Voyage,3758258,4gFiVj1eoR6KQPQyFZgXRM
217s7lvmWNl9x6WhjwQB3F,you broke my heart (Hoodtrap / Mylancore Remix),9969657,1e1A7s86U6f7cyJAivpfY3
21cPb84RhAWCzp0wIUGPlk,Enemigos,23850276,1i8SpTcr7yvPOmcqrbnVXY
2268vbHruAdiE2Gexw5utE,Ausgesorgt,1458536,5p7mWeX4RlvqBCxylfiXdE
22VV39gpNin4W1adNjx2kg,2009,2183285,0b9SpFqsoxkyoTbZqLlzSs
23bzW63Ly1XUrxjigp7hDV,HOY SE GUAYA,1919418,4SsVbpTthjScTS7U2hmr1X
24Xs7eAMkyei2YpVL953kJ,Jale 3 (Balma),1095703,5WYVZzKOZMUn4pNY9gy2BM
25DOfzfpERYnUtEauoZgNA,Missing Piece,3229586,4BqK6JLgMwQ99hx85DxNhP
25tMXSmwF8bCKXtUOUwNQ5,Trailers after dark,3162828,2nmWcAqQtfgNp8Kpixa2CG
26wnP0KsL7VQFR1vbjIVOB,mezcal,13155265,12GqGscKJx3aE4t07u7eVZ
271JR1KloSIQQC19EGOGia,Fall In Love,566845,3nFw6mPGG5Uj2YS7IyaGEF
27j9T4vbXpgi7KbLAptvxL,Haye Ma Margi Ri,537672,63H4RuSg5QMo9ONYhn9fte
27l8MJ4V3HqDZPzhFIBMEu,Where I Belong,746635,0dS5IlInNc5Qq0wIrFTKob
27y6VtO5N6QHPVrVLy9Gur,HOW FAR,1418141,1bu3a0AAJbZazQJV0tbywD
27z5prnleELd1ifzlnaEHJ,Called Your Name,1767559,4NhRml5ZOfNaYJAHUE0XwT
289dAFmnYZghhrq1AzeE8Y,Peer Gynt Suite No. 1,909840,26UV9EKIInWeV0jJysGZum
28pc8L2UVMdbh4XN0DRqBR,Choose the latter,4942505,2nmWcAqQtfgNp8Kpixa2CG
29UIZHgu9Xl2KwNmoQ4Ncd,Antes y Despu√©s,561117,4RnIr0AAau1SBJMbjJ9poC
29YP167FTBz8m3937YbKDw,La Morrita,1951667,3Me35AWHCGqW4sZ7bWWJt1
29f6IOg01XRLHKDhFjua1I,Hopeless,13370754,07hzX8SH6CEg7B2yl4hoKs
29rkopcjI0XyhncrHOdWm0,FOCUS,5505740,46fYppQRc2dAeDAMnrVb6R
2A2x5MZB5OrnnKkVOxx5dp,tu con el,15821154,12GqGscKJx3aE4t07u7eVZ
2AtCHhpL2TvUX2chAfAcap,LUNACY - Nightcore,999829,5hDm5vCwhGqPZB7XUqAby9
2BRZb9sygIsDBUVz1i1ese,i wonder,1249846,5d853eyaCknmc4SynWaoR6
2BVyRnQTr2by4dvTdhP6LI,Contact,900091,4VNQWV2y1E97Eqo2D5UTjx
2ChzQPvoJcidNVv393v6H4,Ansia 162,2051711,6PsQc21YZU7WNfiODG69Qk
2D3b37YEJK1JpkPFSO9LLU,Winterdienst,1572347,2mtDKS4GY79MKPz7hSkTC9
2D9coh76MCXNqDEUCHl5vl,AWGAZI,4436168,2M3sfEXSEDYBurdjeExx6G
2DmEhmRILOSuIwpH22aZZE,Ice,1656288,6PsQc21YZU7WNfiODG69Qk
2E4TYekUduml1DWIqQWNcj,Destino Final,17259155,3SEztK9fNxg81qZ8qETGNT
2Emg9UfihjAkFU3mlal2i9,CARAMEL JESTER,1531218,0mBqwR7qraEVO2RbIU4ji2
2FEuiNcpNqNtJR9GzUjUmC,MSY,5466964,1VPmR4DJC1PlOtd0IADAO0
2FNKUoZx8COfwhDBoleCXa,Geleng Geleng,4778665,79omf4LgzaVAnXIRWPkJUq
2FzgpK3AWFQF0wkUHZGyVX,AFTER DO CHEFE (feat. Galdino),1171854,5s27i7oqhNWIcE4HeoVdq0
2G237wSvCY5YoOecoSuXDj,CUANTO GRAMO (with Hades66 & Yama),1314969,6z6URinoHeWcsTB20nX3qb
2G4DdRN4HEgRB8GKt3ebbL,528 Hz Healing Frequency,904314,4rXABp4A7KjG9elWFNAbO4
2GHBngAVRoUTmf12Vtpy27,Phoolan Ki Kyari (She Blooms),968132,61P6g4b3TgZ9m2caJlXS4K
2GYP2rpIFWiwUX8iQbQ59H,MAYBE I'M WRONG,2817841,2tIP7SsRs7vjIcLrU85W8J
2GwkhYxTMUNoA82crG078s,‡∏î‡∏≠‡∏Å‡∏Å‡∏£‡∏∞‡πÄ‡∏à‡∏µ‡∏¢‡∏ß‡∏ö‡∏≤‡∏ô,6010335,0QStHUbJoIoaNtvHVaBMGK
2HZxwL93Z44AzGaQ07407C,Musa da Vaquejada - Ao Vivo,1385041,6u3oPV9fJJnIOKvKMoROmG
2HrPQS8LHRV4B9LTEDOZDa,you broke my heart - slowed & reverb,1695630,1e1A7s86U6f7cyJAivpfY3
2JIfrScK6NiOglo9zAdJQW,Meu Mel / Mordida de Amor - Ao Vivo,2170210,5qIpstBGrGteJZg1xIvbiz
2JueDh52ep38AViULLi6IE,Agharta - Super Slowed,1738404,0R6hCqO4APJ5dYvFC0m4gY
2KMVujFclzWsMLlC3O06l1,VOCE NA MIRA JUMPSTYLE - Ultra Slowed,749519,6cUZdCbsiJJXae86kwiH5v
2KP8WwY2rtcydq4duDjhYH,DJ KASIH ABA ABA,882799,7FHDJhs5QROL1vQr61gOiB
2KcTIyH6LF1yKEysNFViph,12 Bande,2546137,36iDrP3UnCxsSH9LuSdkDj
2M6M1f5SVQqamxeyItWZxo,Era Sol Que Me Faltava,21763671,0uGWkZRPp1Urk77XBrPBsZ
2MNpYT4GT1gwI5kgQDK9k1,DIRTY SPRITE,1076895,5A7T1LAGJg5NXySBoIKUmF
2MQysTURalNSbePcwQQESI,Tadhana - Rock Version,1009950,1wyY1DhksbNimjRRgm84d8
2MzaScXAL8wrSU9tlEijo6,Pase y Toque,29713782,5UBcT8h31eT62kHEsNaW3X
2NMctdE1VuUUc4VctEqamB,LADRON,6308840,4kcQWQDK0u9AftVSpdrAgk
2NSGXSn3phBbGnEnWQyyx8,gravity,9449741,7krmtqHJ8N1fg1JkjlrP0P
2NWFrQ7jPrZily5NVfgjFp,Arrependida√ßo,1424168,5ZfBThYiIIhL7jHMG8gDB2
2O0snWSLZIba4cSMEdMYGb,GOZALO - Sped Up,3401078,09cKncAQn28NqTUORLMwSR
2O5XC7iyquH0Ys43THQoxr,LIFE IS SUITE,725920,5BEGUGWpPDPKXCgqubqnLB
2OF6kU2IoJU68h8w9exPLV,Aftertaste,2163046,3w1wNgMXNtM48xdYNCXWgC
2OKrEc1eGMrrfHUREzyvkn,Der Erlk√∂nig - Techno Edit,545203,36uwVs5R40MluOGYQ9xtyq
2ON6eCdX4sfBuY22KHYSgj,Ela Sai de Provoca√ß√£o,7280792,7Lmrb6KcIzfkmgbtokjsAL
2Ok7fybrV9UE0jOn6adOpU,2G,950233,2G7VQ1kVhVfNagytlousgm
2PAilwiXXJB3uSvMioUIZP,You Can Still Come Home,3525874,40ZNYROS4zLfyyBSs2PGe2
2QAMmh7Mv24lJw9xXa84wL,In The Middle,1281963,5JQ1XqKJ2Art01rF4tu1Ra
2QMV9Kj5BFo8kjggLVHf86,Bad Things,11229173,2org0PubBAxTvjVvLo9PJ0
2QesOhDm8RV7gQ3xbu41xm,Leviticus,7981077,1VPmR4DJC1PlOtd0IADAO0
2RV0QxpobCOdLEZ6tt0fB7,It All Get's To Be Easier,1390057,7s5jADIx9KUXAbYYOf9mjX
2RcoaVM1NDa0ZLwxQzMTl3,Thinking ‚Äòbout You,4202621,6hp2uD84OrQ3u3ukmTjLz2
2Rn9czJrwtLSeWnXlvaNAI,Curvas Perigosas,1126594,1f0uTZ6roXfWpYsN8V1QqM
2RsXDEF05f7Ji6p5cbYaqT,BACK WHEN YOU WERE MINE,5400755,2tIP7SsRs7vjIcLrU85W8J
2SUvxXNz13l8eovlcfagfF,Mi Droga (feat. Dei V),2934810,4axKuDPr6WKcDCyh8vueTY
2SWCNQhb4xwETMbIxgdQUC,"Qubool (From ""Haq"")",5070622,68CFADZWUwvJMqkCeqmxMJ
2T6BBNQW4t81x2ddqWrGzs,Se Acab√≥,5236069,3SEztK9fNxg81qZ8qETGNT
2Tr7s79xvkh70uA1pW2z1a,Trailers after dark,3162828,2nmWcAqQtfgNp8Kpixa2CG
2TwviHQCmtObcFDawwNgB5,Echoes,962104,31sy2Lzz49t83efKMvk3qV
2U1OgtH2exZnlcPvcijznV,Vamos Tarde,1918923,03Yb3iBy9GCifXiATEFcit
2UNnF7q0GfzVPpcJAOktKU,Miles,2940546,40ZNYROS4zLfyyBSs2PGe2
2UYCVz38O2zoQICICt9ZzU,‡πÑ‡∏°‡πà‡πÉ‡∏ä‡πà‡πÑ‡∏°‡πà‡∏£‡∏±‡∏Å,1915082,4ykAAPcxGHz8z6N0muxbIP
2V8bCSCCfWgckOWeix4NGw,En privado - En Vivo,1122396,7dlkBH23ERFXxuNoMHq94Y
2V8fT9x4v654JHh0bOxVRo,Right Here Waiting - Punk Rock Version,945883,5FZNS1bCNu6hMt1wHaze6Y
2VcGydspMOKlVxhAbNapaH,Fendi 2 - Slowed,2613564,78G8FdUykcn02tsgMLi3q0
2WXjDFip3uVS5oHnvMsOMU,pretty boy v2 (Slowed + Reverb),585970,7qYCZxBebRVjROxYiURTWs
2WbNjNXi2At1wf9nFK8YhB,UAV,690484,5A7T1LAGJg5NXySBoIKUmF
2XUlH1FKCBYR36qgtBpEet,WHERE HAVE YOU BEEN (Hoodtrap / Mylancore),2110775,1JCkyoTjnXO1tOVkcabgci
2XVyY9F4hJCFKLNtogOcky,Tante Culik Aku Dong - Remix,1834596,0UMrxZ24BOKxYAKhgtBIvg
2Xv3L64Ho3Jv2rj1qv93J7,Dragonball,535145,225l1KEprObX8xgl8xo2Gc
2Y39s6EI0UxFnSPJhRlagq,Sede De Voc√™,3444500,7FNnA9vBm6EKceENgCGRMb
2YYB8BFL7ttfbKih1qFYUs,i don't wanna die young,609553,33FWu1JTA73HpPE2tBiwNX
2YdfYkX3v6o0ogBCIuPiQW,fade out,707193,2ikhrwYSd90KMYRIIS8Iju
2ZJsrLk8VXiTsf9VZoraIf,Man I Need,1084885,2bYS4ffR3DOsHKMHCJ8leK
2ZhLoUoz8hQl92ESNi8DcC,MONTAGEM VOZES FANTASMA - Slowed,807845,7FqHcUwnhxJZAgS3I6GFFL
2ZrYKuHi7Tv5e4rud3ekd4,56,2789951,24OGdBr3r58ksMLJkMXZZY
2ZyrAym0sRLwt4PhGotHuI,LA VILLA,42135982,7j6DKwmjbxvpQO8h914uEz
2a9WkloaIu64sryr4JTdTi,Calcinha de Renda - Ao Vivo,21627697,5qIpstBGrGteJZg1xIvbiz
2aG4AXf3TUtlmk4s9BLYDi,Lokita Por M√≠,19245486,5lwmRuXgjX8xIwlnauTZIP
2bzhJBao5xywL3jlXu2S8O,◊°◊ó◊®◊ó◊ï◊®◊ï◊™,1622667,0oI0Dm98K3jmtSbfTLiChX
2cG2Vmnu4qtHpWkY84hj97,Soy As√≠ 2,917783,0b2GL7Y02vu50qieoQmw1w
2cN5MuDOS4XCmPEnH23sYZ,Winterdienst,1572347,2mtDKS4GY79MKPz7hSkTC9
2dollsa47aEK6VYQm51B1X,EVOLUZION√â,1002577,1V0BgbhknuuZIMxKO0M9FV
2e2J0gYhBEacqZQPiUUmdd,RELA√á√ÉO üë©‚Äç‚ù§Ô∏è‚Äçüë®,4249219,2h5Ha0ZiMFmOQD3iYcSXsy
2eZlv5pUAVdJ130QzfyUSD,MY JEALOUSY,3045894,2VEjtfZuEMFeHHc1Zp5L6R
2gNnEP3XwJZ62SsnsaDOU7,DIE HARD,982020,5A7T1LAGJg5NXySBoIKUmF
2gYTC8DsplN3RNdpdBcCOQ,Die On This Hill,125952725,02gSuSAWEdWa5UOvqzjX6v
2h2OhhosKCd5mZdshLODic,Cry For Me (WA WA WA),10816793,3rkwWB8rbBCNTrSvVUBa6C
2h5Nvt8nCnpaX4xrwmcMnV,Galaxy,771729,7keGfmQR4X5w0two1xKZ7d
2hsLpxyXXzxfrmosKhGcEY,FREAK NEEK,657351,5A7T1LAGJg5NXySBoIKUmF
2iWsTTbLNy658UrUR14T9k,Zombie,2185652,6Ad91Jof8Niiw0lGLLi3NW
2ickiFDq9U1MKG94SSg30n,EL MUNDO SE VA A ACABAR,8392836,3E12tRURRvPfHz0hAMCFYc
2igNvPf7RLTZG688Mx8GtU,"girl, get up. (feat. SZA)",14121182,4E2rKHVDssGJm2SCDOMMJB
2ihHDb5epUtpn97W0pOsOA,All the Things She Said,15121853,58O8UPrTdl4u2buM0skj94
2jCJjRc9mz6VYBMhLy3H9i,Plastic Cigarette,10522905,40ZNYROS4zLfyyBSs2PGe2
2jGgMQVMd5k1r3T7zr6J2F,La2,3776184,2NM1t8dMvgeu9Lfl06574g
2jIS2x5DswnvyYFG0sCPDs,elephant cage,1294321,3WUqGdcFJJquJgCPkEzCfs
2jh0PkYbStyXpz3YC4Srjg,Hawawan,3105311,1sSYaQBOI71QZDZ9OWW3hp
2jqI3HzZMtpk0JB9nhbf8A,LES MAINS DEDANS,1646947,6Te49r3A6f5BiIgBRxH7FH
2jsiRfJV3YznL0jgkaDeEH,INTRO - LA PRESSION,2221292,6Te49r3A6f5BiIgBRxH7FH
2jw3yv4EOzBTzbMs2cHphj,Morals,802953,4h8IEOdrg60WM5XGyNOCVU
2kLuRxioYDUAiJF0gAuE2l,Cammino,1246920,6PsQc21YZU7WNfiODG69Qk
2kWwTQdFg2Phlu5grf9bQg,99 Eyes,4087113,367fs93DnQD5h2QQEFZioV
2ksu88xjRb7TI5RkvTXxAx,Polos Opuestos,1180945,2f0j8IhXgOli2Ub2amAiUZ
2lGGv17kLfOrdVzNFzuQWM,WELCOME,2071803,7JGdIwHe5RyFZvLEuRdR7N
2lo5afNLtDsgZl0rwvpx0u,Exagerado - Ao Vivo,2269139,1sDVuztNhGcetCLChkleDA
2nnDPEbNxnBKq5RG6sObTg,Naal Nachna,18126742,465OXuCU8YZNmVG1leLwQ9
2nzXwfnAPFVlLLpYtDQXmd,Pikezin do M.J,798223,5tqz5zHxmEDHIXpbhGisQA
2nzfebt7eoKpUNNsDVWJ1Y,I'm God,1445924,0dlNkho2CWhX2Cs2lmER6L
2ogedXir40ofpV8DqgORLL,A SINA DE OF√âLIA,561753,2fwT8MEPRpyAnwFw7DSyb7
2ogeuuFlYmhSwCwTBYV1Fx,Make Me Feel,577917,3NOLGndGHL48IB3YFdA36r
2oijqO7OY2yUV4c5JNU34o,BLOODSWEAT,7727501,1VPmR4DJC1PlOtd0IADAO0
2p1DODTjdaMbARn6H8HuvS,Hyperbaiter Disstrack,1489527,5HyFjzFkbuemY0v56tPYMn
2pbSCYzxrG0wa6qcj8IyiE,Cuando No Era Cantante - Remix,80502819,3S9Hg7sRKhmtWunFZ2yAYP
2picCiAc2HDoTaBQ1U1h3V,Play Hard (Slowed Hardstyle),1610438,1pHV2NLZqJVvMQruGS9Fir
2pmomWVJDi32r2kgfFrqJh,Memory Remains,631915,4rjU0eNuCuzt46USu7Cjrj
2q1kSmGRmDdw6HQOPUveHS,Paligaw Ligaw Tingin - Rock Cover,583997,1wyY1DhksbNimjRRgm84d8
2qxg6IDl6zfTDBI6M7xeTM,Cold World,1306101,4oxwokKRwskQbaEFsCHyeS
2roEIoENigdcmj8AEiPhfv,Sanun Nahar Wale Pool,6026981,0LruguA5aIP6yvLUIkxANh
2s4nhrlWTnmzSnGFH5pyAM,GOSTOSIN,15737366,7FNnA9vBm6EKceENgCGRMb
2sBAWfjzxGFaMEQxt47rtp,Berlin,748118,63qytgXlKsbQt7rU0h63mU
2t5UTvg5AxfVGBESIdRq7a,Whatever Floats Your Boat Will Definitely Sink My Ship,7937284,1VPmR4DJC1PlOtd0IADAO0
2tT9LVtsqcNkeJYIfEItHA,off grid,819370,3b0TLzX6FkeQvv9daBtFBe
2tlMspCU1XmLxbPg1ZVYmg,EGO - SUPER SLOWED,1869871,4PVp5DWfrRKLK6isYv86jJ
2u9tzv5IsbWn0GpjhUXMaJ,Set DJ Boy 5.0,800819,5ncITNKBT3RMa1U2NsuE7V
2ucY6ydbtoe4UYF8zHYiwi,SHITTY MUSIC,1156447,66FZq0wsY6770bc4O9Dlig
2vJqGZl3vNXXNonGMZVnbx,HARDTEKK AMERICANO - Ultra Slowed,564892,1QCBeVaMmjZTeqeiQ7njws
2vvw9kEaEo4FQ6dDuQSVqu,MAMAXITA,1223248,7JGdIwHe5RyFZvLEuRdR7N
2vzf4z67gX8v7MntugFLXx,/Turistico,14429348,6pV5zH2LzjOUHaAvENdMMa
2wBrtYgA27EDPE7Fpyzpdx,Reyimiller,1408349,2AbQwU2cuEGfD465wCXlg2
2wyWjFtxD9r1a5dlMK2dbB,skip dulu ah,2112893,79omf4LgzaVAnXIRWPkJUq
2xVyfHsYSEz0IcE3G9czCS,Papaoutai - Afro Soul,17754005,7jixKGP9cSwVSLEkmgbv2s
2xoieEijJbhwhxBzXVpvnm,Passport Princess,794809,7dvG18F378r7HRxmiHn3ti
2yqv3Vet7RHO62lNQ6PutY,Agharta - Super slowed,1738404,0R6hCqO4APJ5dYvFC0m4gY
2yrCC9rqSeJqDB3H1ZMs8y,MONTAGEM BOMBO - Slowed,659719,2SE6mfDFx1U34XJsT48MUN
2zJrGKXdJOjLh6mhB7tqbu,Balan√ßa Pros Lideran√ßa,1692393,0FoX5QU1aUxCGGMmrhrHok
2zKDarXufmJ37sFw25M9Je,LOUCURA LETAL,1458586,1kd6WqngBvP0Vthu1sGI0j
2zZARfarUjUvfd7gp2GlQi,"De Latinha na M√£o / Por Favor, Reza Pra N√≥is - Ao Vivo",624442,5qIpstBGrGteJZg1xIvbiz
2za9t2qpWyUpIhnJcwopPt,Sleepless in a Hotel Room,10662914,718COspgdWOnwOFpJHRZHS
2zpEqa5Q7UgCP7tGtfo1Vr,J√° Foi Pop√≥,3048564,1mV9h1AwhRXSjBFcYpajgY
30FxAhlxwAFAT4a82HmpbJ,Carita de Perd√≥n - Juntos - Live,566258,5nhpUbjd9KtuE0vi67czgY
30f8OoQXsRG13P03b896Ub,Two Things,1066499,0HWNrAbt6scbsPPgcIgrZ5
31EnneROGETocUvKWsfe89,PATADAS DE AHOGADO,1194415,2mtVUHNMxLAnBFD6wVmdEH
31SF2unE1SZ51m4O11isG9,theclubrock,10666170,5d853eyaCknmc4SynWaoR6
31cxQAbopxhCFTv6HBeras,HEAVENLY JUMPSTYLE - Instrumental,676441,1HcduAQRxX1Q9hOTAQ8bOI
320YmZj1zL3TxjYVl4JQZ1,Lucky Us,1061491,2SJLGPoAJhy9Id6N8oAftk
32HwaDSgNMbtjTDhzLTw8B,Uma Escolha,952158,7lOLfXrHGsOi23UAhshyJh
332rqteO5O475UV5zgSKPQ,Calcinha de Renda - Ao Vivo,21627697,5qIpstBGrGteJZg1xIvbiz
33R3qS9Gsq6ig289ZxiHFx,Thinking,557887,4tnu4MuDLf51KcBOYvaB5W
33fGcZEinwOQBTPybIuJ3p,IDFK,610165,0zQfE7X3rNeKFPp7GvLeNv
34h31lc2V4xXgOITPZyZ5F,Let It All Out,2676054,7b04D0yLktCUpvxQBhmG7R
35egmKvIZbJjbirRX7OFGe,GOZALO - Slowed,12655601,09cKncAQn28NqTUORLMwSR
368mxBX64GXLQSVLUEpJe9,Hypernormalisation,3604609,1VPmR4DJC1PlOtd0IADAO0
36Q2iIQvWgtwPf0RTnIhWG,Kishor Avastha,4378805,4QvA0I76PmrfOZE5oV0Ub4
36T0zLipTSOXQrY8oFBAvT,MI GATA,9323912,7Gi6gjaWy3DxyilpF1a8Is
36hTRExLriLIHedbktdWcz,N√£o Volta Pra Mim - Ao Vivo,1231041,7nVA7u9N6fIcxxTXJDl4hq
36prQLJgxOhbZ4HfQQA6Ns,Camper,2486049,40ZNYROS4zLfyyBSs2PGe2
37QXxWqoyJLoWOo2SuO8q6,Lo Pude Lograr,3388341,1gW6pz5n1aK249L0GvfQCC
37Wbs9IIxGvAx8OUqdo7WA,Novamente Trombei uma Novinha,3578440,7clb047Jja5QmKXBIiyrr2
38Tbo6KMLgbJwR1n7VsWaY,Kamar Kamar,1739925,2meesqiC5l9NfNShrgP8Hf
38hgdT5fVrGBurC0FzxcSA,Vogue,596911,5S5jGEkiJMWHt6XYasZOLJ
38kpGTaXau7sDiOq7d6tEo,Leviticus,7981077,1VPmR4DJC1PlOtd0IADAO0
3BIQphXTZAul7BTTZ0Bsza,Cheio De Vontade,3290119,7FNnA9vBm6EKceENgCGRMb
3BOoIlAi0wicRJdi6Sxg5o,Quero Ser Feliz Tamb√©m / Ser√° / Tempo Perdido - Ao Vivo,2975303,6vTqEFbTtTRJsuIpzZgjxi
3BaGvtdpVUGGXklAw4ztHb,DJ SO ASU,1365867,16go9okx4B7pNoWKN2KTTA
3Bu67MTSsLLJNyZ8qg3itI,OG,10133389,0PcU18DNfkn3pmbjy5yMFz
3C0JHbBDxCFvojhZhLQrqq,Different vision,1305418,1ySrbBoYh0KYOI99w8cjMP
3Cml07noHvReE1LyQIouig,Plomo y Letra,1096573,20nJFshDG1OYH7Qp9K0TXf
3DIdq5sfLPdHhhlv6syMbG,DARK AURA FUNK - Slowed,1481926,13K5EFpxgLsAHHuUv8pdoI
3DdEJoQOABRyn1jqHA9Ydf,Una Velita - Afro House Mix,612251,65H3ru90HMizF99eIjcE2a
3E6V2Flu9G6if16oyUgXrO,Wait,948274,2nmWcAqQtfgNp8Kpixa2CG
3EmUUbEUQgOtN7WQOqsi0U,Despierto Am√°ndote,1227555,2eEmsgWmUFMbtU7agJpnjY
3Eu6LVgWHm3iristXeOjWf,Playa Pantaleta,1284061,2AbQwU2cuEGfD465wCXlg2
3HdYkRkZ39g0hKeeQ5ldNt,MONTAGEM DIRE√á√ÉO SIM√âTRICA MEOWSYNTH - Slowed,628912,4HxczqyNsvrJs6TnAQe7yX
3HiCAjMaPfM4vnbhLhADBp,"Big Guy - from ""The SpongeBob Movie: Search for SquarePants‚Äù",23608041,3LZZPxNDGDFVSIPqf4JuEf
3Hz9J3MMt7o8mdLDjEykeO,the morning,751645,0caSrZsazREwoaF8jFj1XM
3IFWQxX0TlPCKlyju1kAHB,Sa√≠ para ver o mar,3585978,0nFdWpwl7h6fp3ADRyG14L
3J0E5lfbQ6UkRwz3YNrzEh,Dhaage,787064,1y8VAILCAHObUlajKTm2mv
3J8zlBElo97VLMiLfufyR8,Abr√°zame,5809577,2aqFBHOpM9uIgBpUsdq09x
3JXUxhelof6DJXjcMVu7O7,Yahweh,815838,1jk1F3dSUQFcHCfbXpuQ5D
3MDXTRlHaO0G3uSyvif4hv,"Old Addicts, New Habits",4530267,1VPmR4DJC1PlOtd0IADAO0
3MdW2jdTQHbvOokoez67In,Mega-Sena - Ao Vivo,3276439,09djLPsTydbIFC9duW5mQp
3MrGQZXMe8gcWMHXJW2X0Q,SERVE DA BA$$,549186,5A7T1LAGJg5NXySBoIKUmF
3NnoE6v4mRDmyjmMDc0O9G,Nega - Ao Vivo,563094,6u3oPV9fJJnIOKvKMoROmG
3NsqDAadkymzXntxVqgUu5,SUPERSAYAYIN,2372739,1HYdJRbyNCkiko7TAw9rei
3O0OdDm8AL9MBVDljjoLmW,Set You Free,638332,1AMCtgWEnaZcHmIhD5wGjz
3OGmnOgg3NQ4uwerCW3GXE,Embers,1357256,3t5xRXzsuZmMDkQzgOX35S
3PJo4Pq0WscWLh2h89U2Kx,227kg,1482465,2A4uiWrfuBpVFugyvxAt4c
3QJCAc4JcmaqiKgauO35nZ,Teach me How to Dougie x Only Time,1064915,5IHDFszbPgT7WonLsv62Me
3QXP18eX0P0x1mgFcsgN0C,No Control,3414925,3TozxPbDes76aGFdfv7PMv
3RQqQjemYsDcWIWS92jETl,Why Don't You Stay - Melodic Techno Remix,657476,1jpObIFmNOGfBc93WowfkT
3RVZkyTcxaOdK5KrMt9TPZ,v√°cuo - slowed,993965,7qsKEXc38f3fNQhZ87MLNM
3RkHMg2sn03Ysn5sAkjjXb,Papo Torto,1158328,4NUePmzDvCYqilXBFa91Hg
3S9HmlOwrocD8NMVlg4gfd,FUNK DO LITORAL - Slowed,821545,6ejSrvgmt2Rhnv07C1FLov
3SCIW44rYGnxZFLDTTRd3L,WALLET,1974555,6Te49r3A6f5BiIgBRxH7FH
3T9VLiqh3UHiMHljA6i8A6,Praia Ou Rodeio?,672522,2f88CSOFEgN0ATmxgXaCTb
3THVfoVD5kdCxPviVaCPi7,Internet Girl,29565641,3c0gDdb9lhnHGFtP4prQpn
3TTZfjYqhTowNALncAmY5v,"Masa ini, Nanti, dan Masa Indah Lainnya",1055502,5x3nSujruZLuB6xBicI6Ai
3UcyVoQ5SpIlMeAKHF1gPE,LUZ ROJA,2994887,65lEC99xqy295XmDhg1KtW
3VHi5bCUek6XdiDmqqrirs,Âπ∏Á¶èÂú®Ê≠åÂî± - ÈõªÂΩ±„ÄäÈôΩÂÖâÂ•≥Â≠êÂêàÂî±Âúò„ÄãÂπ∏Á¶èÁâà‰∏ªÈ°åÊõ≤,557647,28gf2piFx6cAKOMIwcky5a
3WQBER5AAfw8sMrQczAw95,FIGURED YOU OUT,3191436,5e48iUv2r7DgotDwhI9Ulm
3XGEgflSYNrUbk25NQuUQw,No Se Ve / Chingon,1605114,3UdkBrbQWdMoMPI4XATTC0
3XMr8VxEQ8zSWAb1VV9wxo,J‚ÄôAI PAS CHANG√â,2181450,6Te49r3A6f5BiIgBRxH7FH
3Y1xjjepdqMP141ipYCAqA,Ingl√©s En Miami,4998595,2AbQwU2cuEGfD465wCXlg2
3YGma4LsXxOZYZiKOtsSzC,BLOODSWEAT,7727501,1VPmR4DJC1PlOtd0IADAO0
3Yvejw28HdH57TskQPZRnw,Took Her To The O - Audiomack Fine Tuned Version,1930761,6QtgPSJPSzcnn7dPZ4VINp
3Z0r7v3ALJ41GEpm2NEDSg,Sun Shines on Me,1483505,0SfsnGyD8FpIN4U4WCkBZ5
3ZEUbnmVPwGRhLm28QzXkI,REVENGE - Super Slowed,2015109,11pkkllIaYm8iO0W9cUTJY
3ZHWwUjWba7MFSUFMWtF9P,Poder da Gest√£o,2250271,6TPJK8tv3AKKSsw0lENTQk
3ZyJfbh2Y9y15f45qY1pDJ,Born Too Late,34813473,2NbPfkf3TYSRoJ64inF0AN
3aVXSOK6kzJgm9MSFJj3Ce,You're Still the One,945262,3PEer9A3KsLtTFwjQK1dru
3akiJmCbRYn8yBUj0rKi3o,Gone Gone Gone (feat. Teddy Swims) - Nathan Dawe Remix,748489,1Cs0zKBU1kc0i8ypK3B9ai
3c49xG6l5s6D6Azb6Kui5b,CYPHER DA BOLHA 2,1893969,3LGFpNOWNjpvlkUmj304V3
3cfjEkn8J26kUy2RsCQvDI,Breathe,1112045,0j6Tcp4NiZqsS3OEl4ppLw
3cjrqwPadzqCV7WgQ8oWep,LOV,5405982,7rBed6Ya7Hwa2fXbh5btJE
3e32UUqXzrI4g2y5kNZrwC,dopamina,58403534,12GqGscKJx3aE4t07u7eVZ
3egqzae8XAs7VXIb1ikB4I,Kasih Tau Mama (Malam Minggu),12756452,4lMaxyOo5D7cOWzv2wiRZs
3f3mRpt6XsijsdVjzrXi7W,Cali Crazy,907274,278vNvolx8H3sQJ2hgOMnh
3fPXv60Pp9jLGYrjd1RoNd,Listen To Me,1729323,7f5Zgnp2spUuuzKplmRkt7
3g9a7CuaRwsv498HmPH7vC,Honguito,1706176,0KPX4Ucy9dk82uj4GpKesn
3gCA9aBw6ELm04hj0XeN3b,Quem Ser√° / Amor Demais / Incondicionalmente - Ao Vivo,2719491,6vTqEFbTtTRJsuIpzZgjxi
3hLAwXmx5xwQH94GXjMmUV,Por Toda Vida / Fica Combinado - Ao Vivo,525076,3hq7WoPJsrRP0KMSLhUgRz
3hdMTSCooxEv7gEogmpHxa,Left My Heart In Texas,540422,3FKSNTDo480gbDePzxc3y3
3iPYnV9WRHto3sy1kn4DDZ,UN DIA,4033096,3DeOmVSmpv7WknXoo1OS8p
3j05OmkWjwYc3Q9BkmLG35,Dale Otra Vez,1036103,6CYjGgv0fYxHFHCKWn7SyX
3jPNpJOYqiGMgXUstj5BDG,bender,1038368,6ogEi25sdXxNuKmzXB75nH
3jhyw60F61gc7nC4dblqtC,JETSKI,38067713,5wbf52LA6kcaboHSN6NEF1
3kOPiHTerOv3zTkxgA2MhL,Rey Nome Proibido - Live,2316285,5wONDxS2kxBgvk4Dl51fcQ
3kQf453SpkwX7ALdgzNSNY,Âëº„Å≥Â£∞,2393630,2IUl3m1H1EQ7QfNbNWvgru
3kRwD3oSUxquvKxBHYvUhq,"–ø—Ä—ã–≥–∞–π, –¥—É—Ä–∞!",985185,6piaRBSk79hfoHINy7DMGO
3lQ0pyuDr1Mnjk9LRvY2gd,‡∏™‡∏≤‡∏¢‡∏•‡∏°‡πÄ‡∏à‡πá‡∏ö‡∏õ‡∏ß‡∏î,578430,7J349yO9R0Z1UTTl9lAuYW
3lyolTZROCL7dY6kv2RawB,Vida de C√£o / Ponto Final - Ao Vivo,9073888,3hq7WoPJsrRP0KMSLhUgRz
3o1Inobl00nhCKpIbIzl8O,Echoes of Velo,1484744,63gzNofrOyz1jWur3t6pLM
3oEiIvLEVtFGL6WjQLW0z4,Proibido Vacilar - Ao Vivo,721507,04QHNiih9ZesPvals6II1h
3oTuTpF1F3A7rEC6RKsMRz,Raindance (feat. Tems),130004346,6Ip8FS7vWT1uKkJSweANQK
3pG2HBWawJX7g3J3EWBIyU,S√ì POR UMA NOITE (feat. Fepache),2718390,5s27i7oqhNWIcE4HeoVdq0
3pfjLaTFU25q6MU9M31By9,Pedal (feat. Tide Lane),1417744,3SCz4vk2MoqDn9KvOYMU0r
3pozlN91kf9wlWJCJHvWc0,BRICKS,1371454,1dVKBw8iMPpS1almxwIVI3
3psd8lP4CrIa2F31cf0YQs,Áîü„Åç„Åå„ÅÑ,716136,0SMhG4gXGD4gzLMMz08cQU
3q7GRmWPTNo5S6CEq6SURW,THANKFUL,5393143,1scVfBymTr3CeZ4imMj1QJ
3qFZgZMJmjTRn1TMXWUiaH,Ozon,945682,49PfoQBu7ayy95pY2kqlQF
3qIQAophwgi9UKMJHZcSpQ,Into the Blue,6173496,6wq8iklwcF2dj0jtMpPvOJ
3qXrFQWskM2JI5JkU2WyHj,Luv Punnani,2422829,3iQMS8adhJXAGEZs6fUaJ7
3s43qV9GPAgUCGPvxHlxyk,Cavatina,1118690,26UV9EKIInWeV0jJysGZum
3sPmZ5I9zdbOxLxQV50rzf,Moti Saami,557503,4QvA0I76PmrfOZE5oV0Ub4
3sc8jR7BcSyZH2pu0PgCMx,DES PIGES,2479863,6Te49r3A6f5BiIgBRxH7FH
3sdFhjBCUepWsc1ZBAqFQJ,AKI,1102625,4eq1q0o9XPyNq9RG3fNDD1
3sfrXcrMPS2KMQmzdmjEmp,Qu√©date / Soy Favela / Lo que hay x aqui - En Vivo,2084490,7dlkBH23ERFXxuNoMHq94Y
3t0wHoNCslyfDAKFbITATo,bedbugs,667220,2VjEhHV3KaZlYg2js0Mqr0
3ts5is4wnvqFrkaC0NG5XJ,Ruei,862642,6wduHvHCH5QZtWs6ULilDM
3tvfmoyEtk3kuktDUssJam,For The Soul,607190,5k1fr2qbGZrk40njMAyv0x
3uBw0g1kWTVWn3zZriKgj0,JET SET!,2992096,2bsWEYKNfeSYqYe6Q8GuVv
3uSo1TFue8obxuLEmLrx8F,Mi Caballito,2977983,3qkJhpRpbTwDwga8CPMQ3o
3uyjyWJgxoxLyNcFOk4vZK,‡∏ã‡πâ‡∏≥‡∏£‡∏≠‡∏¢,2135477,5nYImteGVIjH7sXrD9quLp
3v1d12O8WEj5H9eFID7HBn,HELICOPTER,8236342,13ubrt8QOOCPljQ2FL1Kca
3v9nxJxVdiOn2DgQLWKO64,Contigo Na M√°s,4235615,4axKuDPr6WKcDCyh8vueTY
3vZyF7KcT4sdfKVGlAncEA,N.W.A,1472434,6Te49r3A6f5BiIgBRxH7FH
3w71TlXbEeZeZcI7BtHy2G,ÊàëÂèóÂ§†‰∫Ü,995803,0RaC2hXyniYsju0mCSNz90
3way0WdjPw4xWom4rutK0b,Nega - Ao Vivo,881881,3qvcCP2J0fWi0m0uQDUf6r
3wcdQwUkudGvSPHnvBKmYr,Good Girls,715318,24fO0oALsXqdezIikMXUnF
3wkwIYzXWcJB18SIc6DbZE,Ella Pensaba En El,695997,2KtMgfc6pR6Jpovuqrs8Ac
3wmzZRtm6hwqXX3KndOtSI,Looping the Rooms (feat. HATSUNE MIKU),2704182,2p6kVvES1aPMkHsz22JukH
3wr7kuApp9niAeJ1YNKtVP,La Noche Ta En Ort*,680647,4iVXdkoTNazv6MQh1wojj0
3wsSqW2b0YqqyNJEUZ4rzc,Mirror To Magic,2533353,1ySrbBoYh0KYOI99w8cjMP
3xKxxF4yQ7WBgxCtG9LASw,S√≥ Pra Tu,4273855,7FNnA9vBm6EKceENgCGRMb
3xZT6OEmmI8bpMKkmGIlwt,Paper Low,2151613,4r63FhuTkUYltbVAg5TQnk
3xmVgE8I6lDQEP2qRaLoG2,Enemigos,23850276,1i8SpTcr7yvPOmcqrbnVXY
3yHeNSoh53MeNgtfFDWccc,Quero Cambori√∫,3215251,0uGWkZRPp1Urk77XBrPBsZ
3yP2GV6HbYViIiboNlXDlO,TURR0LOGIA,1467775,60XHOAhvEBiV6BGBOv8ClM
3yb7fJpijqncdBtr3YDVAT,Beri Aku Kesempatan,2850245,4sbcrENSiVe3Yn9ftToC4b
3yh06bgDnH0QZFiHVeObWH,Upside Down,1087217,6F6kiCnzdyGJlHGCeGukPs
3yyxFoAedBw8QXEzg0A5Hz,Calaveras Caras,1501114,7JGdIwHe5RyFZvLEuRdR7N
3zMqwjtmmxARBkMDU9CIku,Emendou,11734082,5jaMTcg4dhAlcwLLPUVPl3
3zlZtPA1KtzLGeLIrBOSja,don't you feel strange?,539352,1D1ocEPiWaPEBMAWylqCfH
40BiHLp1GLzVwa48xbGQn3,LOCA LOCA,696612,2M3sfEXSEDYBurdjeExx6G
40UOiablRpJ9svUiYHO7XF,Cassette,827937,39csiig8WOh2SMguk2nuL5
40ZNzxRpzGOnLw0ylcVueQ,Bloodline,666496,6pvai2QB2c0defVI0UTFos
410SEtWKVzELYu9KuQSvza,La Noche Que No Hab√≠a Uber,3368614,2AbQwU2cuEGfD465wCXlg2
41FzP8TjIK1aK4LTVY5TUy,LOOK AT ME,10048459,4gEMn0YPOdotLOygnk0Ng2
41G5oiNumgRbt8fNZfncnN,Here I Am,1603434,5DslL3PUa3BcRlCCEP64A4
41rtBaUgB8nK0entRkjVMv,Yo Me Confi√© - Juntos - Live,2364244,5nhpUbjd9KtuE0vi67czgY
41v5ExDEEEvJsWAPo91aoj,Slicked Back,4154112,40ZNYROS4zLfyyBSs2PGe2
427Fc7QQyh1hZSEQK729hP,Knock Me Out,1150606,55ZGFvikpNjQHvtTWS5aZF
42AIPMFY5Plqxr4Mw6Bhx9,Me Fala Qual Necessidade - Ao Vivo,1540309,6wduHvHCH5QZtWs6ULilDM
42GueQyFCw3yfxuoVSJlM1,Dora Dora - Breakbeat,1236539,2YWyWb875p8OWpWXj99TY3
42lSpDXNWbieszOoGd7e0W,‡∏£ ‡∏£‡∏±‡∏Å‡∏´‡πà‡∏ß‡∏¢‡πÅ‡∏ï‡∏Å - Thai Fusion Version,871446,1pMhZWJwDwF5bvymWBDHY5
435NOlfzITSEghoaUNRle3,PHANTOM (feat. 50 Cent),7230329,27LlKWxS3KXW7RRAxN5S8s
43HECX8GKH8nCWjLPapDpi,Take My Hand Tonight,638536,0HWNrAbt6scbsPPgcIgrZ5
43psRuTeLgq7wHLXahgkO5,I Run - David Guetta Remix,2381188,7ouEqUl1PCVPlNninecdcz
44V5j1NOwRWBV8krmLnr4J,FREAK ALARM,1373796,1Sal7hVz3weo0mvYZPiWHT
44ZphAOkOqtfXSEa0LMULB,Mi Amor en la Madrugada,1383980,0tuO2DDZTKEQ6t6RT47WKH
44jdpGF7a52YxGEokRb1OG,DICTIONNAIRES,2837162,6Te49r3A6f5BiIgBRxH7FH
45TyOZTQyZlU1ctKXpmy8M,DARK AURA FUNK - Super Slowed,821710,13K5EFpxgLsAHHuUv8pdoI
46S96H2k2ZGAGxWDMcBDOd,P. Family,1826982,2jku7tDXc6XoB6MO2hFuqg
46lS2b6aVLFOlarSnjk4ul,‡∏™‡∏≤‡∏¢‡∏•‡∏°‡πÄ‡∏à‡πá‡∏ö‡∏õ‡∏ß‡∏î,578430,3gW8NvHZkMWy4JKZqH3dtq
47WfnYQgBp1bum5hiwJNvO,KUIKI,1679336,58A4Qwc7kr97PARjHizb8g
47hpB0b1pN3mlJjAc7VCfu,Eye Of The Storm,825803,17fY0VRyqRgmqI3dHlE1UU
4AHW7Q2TGKwfndbbQvjXmF,Rumors,2691055,324KqmU4J1mdKnHdFUE3pS
4AL4EamHEBKPpdcFRkYdXN,Pu√±aladas,4261683,5ELYwDwhy00ecTXhfsKWci
4BXbjwe562hQ8AzEV5lmPc,putielegante,24498776,12GqGscKJx3aE4t07u7eVZ
4BqoTsAWoDZIWt3oNtgCcc,Make Me Feel,1003515,2LEcQU88INN9wulB59Xo0Q
4C6gWZhTWB1WrBWmhNax48,Karnevalsmaus (Partyversion),663682,0frz3O8M5bimsfjqGKcAL9
4CdFhK8D7bn5Qe6wvmuEwH,Fendi 2,14781640,78G8FdUykcn02tsgMLi3q0
4CotLLJRLI1gJkjGpwFe8Q,RAMPAGE.,1393911,5YczFXfzGgrbTMy55A8kNv
4EgjDXCj3Nokm6cP0FVH1F,Hoogtevrees,2796838,4U9nsRTH2mr9L4UXEWqG5e
4GQzSsh8tyuVARj3llp4v9,trucha,15505053,12GqGscKJx3aE4t07u7eVZ
4HVQQiPcBGpG9zRQijFEd6,Born to Late (Alternative Take),34813473,2NbPfkf3TYSRoJ64inF0AN
4HWJSaMneOtNkFOrD1LU0c,„Éó„É¨„Ç§„Ç∑„ÉÉ„ÇØ,1698138,4UK2Lzi6fBfUi9rpDt6cik
4HlVtPaPDbR5ZjWMcgtclX,528 Hz Deep Healing Sleep,972417,4rXABp4A7KjG9elWFNAbO4
4KB8OuN2B8Roe6K0FA7fZc,NUMBER HARDTEKK,734480,3oSZKapuKjNzTOejmMFXn3
4KIihtDmmZ31meptaThgfX,Turn the Lights Off,745845,6jx9UX4W6wVbifcN8U246U
4LC21NMI5OBwPc11OQpw8Z,Coctelito,803016,1RBzGO6Nm3uyhUSxP7EDWO
4LIpeIN0AxFMRhnm5tR0HJ,Si Te Pica Es Porque Eres T√∫,1801974,2AbQwU2cuEGfD465wCXlg2
4M3I01LZqJDFJxs4veb7jt,LA FAVORITA DE DIOS,6643001,4cYbf45YbZptNISnhay0xH
4M5df297Jy9j5eMb5smzNz,Harder Dan Ik Spenden Kan,1534485,1g9nyCbUH0kbNgXAsw7tUB
4MEJtBCIWvgVghZ5Vu03iW,Something Big,2169573,5GhyuXCculrQKuqHJW3l6J
4MHZGyQrrTY8xZCTXKYN38,–ú—É—Ç–∞–Ω—Ç—ã –∏–∑ –∫–∞–Ω–∞–ª–∏–∑–∞—Ü–∏–∏,612175,5IS4dQ9lDW01IY1buR7bW7
4MhWzQysa4cZ2enHOyzs87,OG,10133389,0PcU18DNfkn3pmbjy5yMFz
4NH7KpFmBfE5yskuVRDqce,LUZ ROJA - Slowed,4590803,65lEC99xqy295XmDhg1KtW
4P63X3Py4K3UsKjXjGKuYx,Montagem Fifty,1281714,52xstrfqEahsQREdysdsgr
4QEg4vfzw0NwePfYMoJtwK,Mauvaise t√™te,2888685,3B4P9BeoaJXid1mY7BmUvY
4QY77AdgyrkkN5G4dZTbtb,I Got Love (feat. Nate Dogg) [Will Sparks Remix],744732,11kt6ggsdxvI8MhyeSMKom
4R4IaOKGPTlzMDiMGBUqmp,528 Hz Healing Sleep,884886,4rXABp4A7KjG9elWFNAbO4
4R7rWtkwJLRqFFHj5ROdZo,MSY,5466964,1VPmR4DJC1PlOtd0IADAO0
4RggfCU7eVdXnbE6yw958e,Madre Mia,3948430,3dhMDOAn4QhiSEerNabrnG
4S1SaaCxQ87nXpA2EfYFj4,Amo Minha Favela,30956511,1bpnl8qbR9GxmiNlkEufW6
4SVK2fbxX05UWEDCPmDLH0,Born Rich,657569,3ZeKRqvjWodGs3IenNQXio
4TLPjY3Gf0xcfF8ZtgrQ42,„Åä„Å©„Çã„Éù„É≥„Éù„Ç≥„É™„É≥,3150159,6mEQK9m2krja6X1cfsAjfl
4TfmXkmAqtiq1ixe5PT5kX,Carnival,9258812,4BqK6JLgMwQ99hx85DxNhP
4TiwLUPOvPHrrVRt2qUGXt,Dry Deserts,4963952,40ZNYROS4zLfyyBSs2PGe2
4UfpqH0V8FadNwc56V8VDD,How Do You Do - Remix,701157,4IVNE8bhGAWRNUEq29Po6T
4UvlzGkC8W8Ltf2mQ34X3P,Cannonball,4061811,40ZNYROS4zLfyyBSs2PGe2
4VDptfuwvPWl9WXziOeulD,Medley Mil Vibes 2.0 : cante por N√≥s / Dia Azul / Tempos Modernos,1064423,7H2UiBSifBq66tzbg9ECNM
4ViRJ45htAsDUBOigiOsjO,Sundown Girls,2501030,40ZNYROS4zLfyyBSs2PGe2
4Vq5sGWPEemZvBWP7CRjj2,Bene ormai,1492741,6PsQc21YZU7WNfiODG69Qk
4WMOKE7HHiDS01OOgtXTGJ,SINNER,668448,29pghx4OZDZ45mcQLjdxUl
4Ww4JEe0xkQU5k9l1OaXjs,Bandung Hari Ini,637045,0f6TyESD8E1mD2oLJ4TGv1
4XSSs4Li8DZwFj8u0UAwkH,Esena Mono,627320,4sEcx9wubbX4TLdaCQTqGI
4XrH7XcpWewAltH74WByls,KING VON,3805461,6Te49r3A6f5BiIgBRxH7FH
4Y7WgBFyNwBYgbDO1hlkpH,Choppa Season,742516,5k4L34gsiyB0HgS4yPso2h
4YPSg93DDJW9Uf4IgklCHc,Not Guilty,2712281,2rN8LHqK4TBI7y3d9POvJb
4YVmCfhAIPNFcXqERaD1yv,Eu Sei / Se Quiser - Ao Vivo,572367,5qIpstBGrGteJZg1xIvbiz
4YydcGil6aGfw4D83qELET,Objection!,3884076,2nmWcAqQtfgNp8Kpixa2CG
4Z3F8VnLHzcIRNDRRJmr8P,Too Sweet,6044255,3HqP3nd8WI0VfHRhApPlan
4Z4TWlYC1xRQFBxO5fuZwG,Panamera,796249,65wb6r9GvL7JUySeWfDD9q
4ZWoJ4tRi74mHHnItB3k9h,Piche Tere,4063194,6AnFaupnhQD1Ps8DX7Z7mV
4ZuUJilJAe5MSA8dXHdOXR,2026,11327540,6aoGgTKGqtsjj48ymcNs4Z
4a4GNnyz3j9K4xVQHgyVIy,Sarradinha Eletrofuracao,937651,1HJO94rJDdIYO6hoj4NU3b
4aFy8XkzSokNZ8ZaXQ0Mp8,INTRO - LA PRESSION,2221292,6Te49r3A6f5BiIgBRxH7FH
4aLhZwQPpXUf6LeyUNKpnK,Kaala Asla,3713886,5WZViOJ21095FUcGPMpKFF
4aPOhTQV9M6bW7qOFmN6Xx,Me Voy Acostumbrando - Remix,956735,7qG3b048QCHVRO5Pv1T5lw
4ap8qowPqoYOwcV0eP504g,Scream For My Icecream,835342,4Soc06zRsHw2US0abt3TAa
4aswqee2o7e92sn9hYYtOi,I‚Äôm Drifting,982664,3w12mAdbXsNTiBc4xhM0OV
4bIuMVU0wXS4lNAi0RgRGq,Los Ojos No Mienten,609576,3PWzbjrWG3pYUbo2NfACIt
4cMGE1B0bCSMFsWelBKLlu,528 Hz Calm Your Mind,952182,4rXABp4A7KjG9elWFNAbO4
4cnuwdvcVc3VH87vZUEHQj,Hor√°rio De Ver√£o,1151798,1mXAhKnZEdF6rotyyd4GBi
4d7ssuJY4wOp9RPPV7gdpO,528 Hz Sleep Music,1065173,4rXABp4A7KjG9elWFNAbO4
4dKr81KWnnn3YqBrbV5Gjl,Appetite,6197610,40ZNYROS4zLfyyBSs2PGe2
4eKboSkfneEWs7JzWHbvQW,String By,2412045,1ylRveckaItA2kOhQh8rnQ
4eu33NrPnsgmj4yP82nDp1,FYP,570717,3efIR8hdrilpdBfWxVrxRd
4ezApj4UvVqLOtxdXUOLMb,TENGO UN FEELING,1421732,2uHt84x3H1VLR7xFBAuNS8
4fW3I4ROMQShlXGxdSQN42,Chicchi di caff√®,2887945,6PsQc21YZU7WNfiODG69Qk
4frKnVJm1lctRPU4frUfIQ,PILIER,2808573,6Te49r3A6f5BiIgBRxH7FH
4g9L86wVbaKftGs6UYAMHy,No Es Mi Culpa,1012461,2UFwqLoVXvOoTCxdlVbucA
4gHm2mJ5WC9nPomTXuwg3c,‡πÄ‡∏•‡∏∑‡∏≠‡∏Å‡πÄ‡∏≠‡∏á‡∏Å‡∏±‡∏ö‡∏°‡∏∑‡∏≠ (Bad Choices),3014859,2DWxd6CkiJVMnTqSbtd56H
4h07ne6Xf5AaCIGkrgNq1i,EEEE A,12192838,6WgjNWwGACXaBy7NZripBu
4hdZooF26IGJ8AzsqAvlvj,LOUCURA LETAL - Slowed,3208577,1kd6WqngBvP0Vthu1sGI0j
4hqnH8CehtNZRp4H02eoVd,Lindo √â Seu Popo,1658758,1bpnl8qbR9GxmiNlkEufW6
4iMbKRl0zrkAGUCfzJMBpL,10 Minutos de Freestyle,1253657,4yGgbQJMq9orWypwqtdzYT
4kqz2VSAmiLm06X90jmktL,Semi Nua,7847818,5s27i7oqhNWIcE4HeoVdq0
4lXsvpjLhG7YqEehJFqpKV,TIKI TIKI - Slowed,1550568,20grbXINI9PPalsRLgh9oP
4lcURI7GEYRWQNcgOjHhsN,SEQU√äNCIA CARAMELO,9064422,5wbf52LA6kcaboHSN6NEF1
4lzo6zPM2paqyP8oBp3DOs,7-3,35438199,12GqGscKJx3aE4t07u7eVZ
4nJb9mDNcIy7bWYUJlZoYV,South and Pine,4103138,40ZNYROS4zLfyyBSs2PGe2
4nrdgjTiyuDhT7oCWr2YKg,OTRO DESMADRE,1874068,5c8ZR64evQ00Spl73s76fo
4nx5dujfgjriMeQg1OWMsp,MALU MALU,4832238,6WgjNWwGACXaBy7NZripBu
4oDxxFLVQMOdiSKf3YGgEq,Passa o Teu Bigode,16008089,1Ils6k71OZSgIuDPdgZwsg
4oshrmOcISUEzRVGwB5BEB,Badmashi,1015024,2RJawMqX9ESxws2KMtHyP3
4paPZYcTcMQmY6hX9JFfiC,Miles Away,3389537,4AKwRarlmsUlLjIwt38NLw
4qK3E82gdvpwXqK58dX80A,H√°blales,755154,1RTZXV2Txeij9hW1C88mfs
4qfkZtOGVw2BXa05wqXKkV,bckpckbyz,35352834,12GqGscKJx3aE4t07u7eVZ
4qywbaIcfFaRTb1wHAO75C,Se For Ok Pra Todo Mundo - Ao Vivo,1497722,6wduHvHCH5QZtWs6ULilDM
4rRRwQk8RBBM7A9aw8RZy5,Inside The Rider,820649,6VJ0MDdr6OO6ih2TKP5g2G
4rmkFkRlzFFbvQwkQhDTsh,Min plan,1436496,7ifEkzjmxo75vYZ6y61NqN
4sPGxeBysyqdQSrtAKhuOP,If Ever You're In My Arms Again - Rock Version,1509723,1wyY1DhksbNimjRRgm84d8
4tFDu87I9iuSrn5kfQOFdk,Rey Do Nada Voc√™ Me Liga - Live,638594,5wONDxS2kxBgvk4Dl51fcQ
4tk8BXQYnaEGXkzuN6HzSB,die without permission,1001970,2gqEKiUbTUjSVJwGYMmWXc
4tm4qn0cXxm2Dm4JGfCr5E,Total desnudos,595406,2iaaJzRhuEY8wPn8P6iNiP
4uStfhhxVPW5V33MYalxpX,"Dil Tod Gaya Tu (From ""Haq"")",1039127,5wJ1H6ud777odtZl5gG507
4uincenPTAa44KUmUQXbQC,Pikito,19580722,1i8SpTcr7yvPOmcqrbnVXY
4uoL330oHAhud0r9Xwvr8j,MONTAGEM TRAVADA - Slowed,566275,3LN2GUTht3gV39MTGamddq
4vRZsYi3mrWjg3jQimvC87,Sweet Honey,1888326,48LGJPZrYDxU9i6tKtakia
4waDoo5KL9b1F5esGSP4Sv,Anyways,4297634,40ZNYROS4zLfyyBSs2PGe2
4xhq5Esge0BZukqweXFSiV,Where The Heartbreak Goes,577474,4gmndqcVVyxmzgOunTiuAD
4yfNYwAkPwRVuvUaWYDxrz,Menina - Ao Vivo,1212643,3kj7s1JgVQuhjwhBfHPIux
4zFRyL1GIKf17Fhp35AOUJ,No Vayas a Llorar I Variet√© #5,1307668,0mDd8pZbNfiDNBrL1qybaK
50GoPfW7wkDWNh9IAI3SpD,Whatever Floats Your Boat Will Definitely Sink My Ship,7937284,1VPmR4DJC1PlOtd0IADAO0
50uT8pGi81UxJQTersXOgF,100/10,7587344,1bfl0AU8SqmLkElptOprhC
51uwokdunw5tSVGocldwXt,Of√©lia Funk,1780344,2Ksj15gJzbC0QitLtWMV7J
526tgI4eIwuJWoZj5GrD0e,Dorororo,2492076,2rHNFU9YnHNRjqpcT6VxPY
52CbMNj5tIlKbftgdVUcI3,probably,755686,1IbdIX1U1e04JRrrh9HQSc
52KDBENtaXF2tlJdqXCLQd,Me Gustas,569820,1phfTBIocBW3UwqcYjaEN6
52Zf1kNdojgRkkw39O6vwl,Inaam,7766288,4gdMJYnopf2nEUcanAwstx
52ijTzD9HujnkPswlVPGrF,‡∏Å‡∏•‡∏±‡∏ß‡∏Ñ‡∏ß‡∏≤‡∏°‡πÄ‡∏™‡∏µ‡∏¢‡πÉ‡∏à,3465108,3moR9d0X97NAtZRhHWOta5
52rypQaySIDn6je4GVNPQS,boom boom boom boom hardtekk,630731,5QF4fCQ7jVJGnmK4Q2kLSK
53fIGsvNyKO15Huu3nFnsK,Just That Good,678699,61fqRzZ9aHyPeTdUIqEEFx
54PB6P5YWlS4xU6OFbC7GT,HEAVENLY JUMPSTYLE - Instrumental Slowed,1011222,1HcduAQRxX1Q9hOTAQ8bOI
54eRJjpGrbomPpChIlVYgy,Low Rider,4879008,7balJhYEvDHAshA39peuCr
55pCe0UgAeaeWKKSQqdiWh,My whole world,1661785,7c1HgFDe8ogy5NOZ1ANCJQ
55zmiBm15KxqgD71o8caJ9,De To Ne,765009,2HCGmdpckXTE4WNTAFEzA8
5698UFtdbdoGhkcTdt1Dqy,Sadiya Sarkawa Raja Ji,1178476,2pywmTkxO0H1CY8ZXSJTSC
56YciAQGrXPgt4yXwRGiGb,You Move It for the Soul,1541947,5xsRtqtzsn3i2vYi3rcmUu
56hHCESKiK3vkjEI1Bl7zG,FLYGPLAN,1596200,6sObrcMSo8LcFzXeXWxwHH
57QuZKqQD399jk0PBzolHY,Cantada - Ao Vivo,6432194,3qvcCP2J0fWi0m0uQDUf6r
57XP21lBcIam7LS72yDFFe,Zero Cares,2409418,1mUl05hT77FrwVFW51wOlr
588PdhJdtsuypJdUb4ms4K,PEGA A MALDADE DA BANDIDA,1579801,34kJWuUS4hNN1MkqiIG0dS
58DR6DK6gG1ucXL8udn4hl,MONTAGEM VOZES FANTASMA,642598,7FqHcUwnhxJZAgS3I6GFFL
58lPXPuE7deTicTvsdvVbL,Esse Cupido N√£o Me Ajuda,18761976,6ogNxRbtZDpaCtOUBaf09u
59RnZXDzRMa92wA1NONZdm,Quero Cambori√∫,3215251,0uGWkZRPp1Urk77XBrPBsZ
5AIKM6zNiPi00rbWPnEq80,Feeling On My Body,1132238,7hjNO6RQeqZIBZpZQdstUO
5Ai1xBdEWnP99udbOaWbc2,city boy,1101370,1IbdIX1U1e04JRrrh9HQSc
5B5RSDLm2EEh9YtmIhMDqi,Fire In My Heart,5020995,1xSJPHGAj5EOrbeUCbbUD9
5BOc5jsPrA7qvjjSTSJ74f,Here I Am,1603434,5DslL3PUa3BcRlCCEP64A4
5BaHAZEha9DI0KaiIt8KSN,El Brujo,2028613,38zyliF0xdJKS7k1BIEuL6
5BeLJRxFkczvAcJUYj8Seg,YOU NEVER KNOW,1130394,6QeYcD1n2YcWygCScfLhRE
5CTbgkKe9FoQNBchsduGjx,Feuer frei,688986,12sYca2Uo32YM8nzx70cnQ
5DT3RVBJy3LIplc4DoVaSe,Loitering (ft. Kodak Black),1254933,5fMUXHkw8R8eOP2RNVYEZX
5DdOxy6G2v9dw8uuXCZ1kC,VIBE NOSTALGICA,1381111,6guLZyE3by1cVU1ydAAKpJ
5E8a5pF0xAZOGEoLIFKzT5,XOXO,1418928,2zoy9aYWHueNXCIqh2MStc
5EPPmIb9EUIQ67larKkeaP,Sailor Song,873798,5P2W0yAyT5iL5HzSi7uHpK
5FL1zrRYRZmTrh6KcPEQMN,meaningful love,952109,1fcxLeCKcWWSgJ4QYiyxbn
5FLxKWv8HEFI67uKzSX27K,Push It (feat. ANNA),5370527,0EUR8jz8L936AEbV2Spkca
5FSvy2wYKnurBi0Nq3wR9F,PUNK ROCKY,14994545,13ubrt8QOOCPljQ2FL1Kca
5FY5bSkPdugbE0i1psTU86,5 Minutes,930441,1l2ekx5skC4gJH8djERwh1
5GYd7snaxD4knd8vPfHMDB,Wracam,1241694,72wQxesjJ9hTkk1hGA4tBw
5H2cWsIC5NeD0bhZLpPLRu,Diablo,1350534,6PsQc21YZU7WNfiODG69Qk
5HQFP6XOqSv644Ln6JFCKG,ECLIPSER - Mega Slowed,1020974,2H2vMsKqPSufFZnWZN6C85
5IMpnpD0tQVcqWlVIgtAtV,iloveitiloveitiloveit,1306749,4Z8MrrKMBHMPa8d04Ivur8
5INY1sXYVmFCN5I6cbwdmk,Such A Funny Way,15305490,74KM79TiuVKeVCqs8QtB0B
5IqAFq7XIkgRmGZoxl5SX6,Yesterdays,870058,3UNdNPvBcX8gFPbxyLchRC
5J1Hp8WcyXlYTj9SSrtdHG,Sexy Pose,973875,2meesqiC5l9NfNShrgP8Hf
5J4Vzfzs8r0og2EQW3dh96,HADAK ZINE,1348288,6HhnhnxLsowYuuejvku0Bz
5JckkRJqnlHMvNa1BqU1AT,Naguar√°,1732631,2AbQwU2cuEGfD465wCXlg2
5KTq5a0BZmTbmAUo4dTmMU,Electric Feel,716427,2LEcQU88INN9wulB59Xo0Q
5LXXueWJTeYIgQUklb0QC6,Scudo,1733510,6PsQc21YZU7WNfiODG69Qk
5LrRwxvWSWzcpEJRqgfltO,"Teri Dulhan Sajaungi (From ""Barsaat"")",3722746,3gBKY0y3dFFVRqicLnVZYz
5Ls7xSu1mqG13LRrXBHD8q,MONTAGEM BUDA - Slowed + Reverb,3806473,6ZhleMHIGIpjkBHrQDl4G7
5MCbGWnNLLjoHpbDO3BOgi,Gehra Hua,58437346,465OXuCU8YZNmVG1leLwQ9
5MceWzD949aMO0eZFpCpkK,Cupido N√£o Me Ajuda - Funk Hall,1259508,0pVJXCGsBydS7rq0R4w4hm
5MhJ2XV5O6cWm5bCmlZmwE,Drowning,4817586,40ZNYROS4zLfyyBSs2PGe2
5NatUJnc5MRLXZtPssbOnC,‡∏ã‡∏≠‡∏¢‡∏Ç‡πà‡∏≠‡∏¢‡πÅ‡∏ô,788398,3dGY3ZGSS9AkDxJ1tiKlkh
5OeKar46lWa5wMstsoJvRf,Nights In The Sun (feat. Wizkid),8017660,2BPwxhCvvcb8xDl8GWIjbh
5QMnvHrkUdJ86rPwZHAkYe,Inombords,1318087,7HxyLgEfLQQnzrgMvUGVI5
5QeyrUznSqT9wnMhtNaygH,M√°s caf√© y menos estr√©s,676893,6LuzYYGwEBf7NlpmSHsQzJ
5Qnq1GhCBSsAkipZtjsVkF,EN TU MIRADAaaaa,3370067,3DeOmVSmpv7WknXoo1OS8p
5RJubPh66tvUWCBoJ1GwEY,Morena Jambo - Ao Vivo,10593067,37mqXU98U5GmH5ZDtlHM1c
5SudOD9R1Of6CsJVWZy6CQ,Dardos,45819934,5lwmRuXgjX8xIwlnauTZIP
5TV7JnCTbwPD6yIVVFJrLb,Turn The Lights Off,11102081,0LWUxoJXKsDsPenrHZ0key
5TiaRaPZfvchcccYge8ldg,Velvet Corners,1298123,5N4Y1kGWdM70gOzO41lvk1
5TnEQex0PO8eVi1i6yDT7Q,If They Come Lookin',3481895,40ZNYROS4zLfyyBSs2PGe2
5UUiCxwzNwo5pq45ug5EXW,R9,1586446,6Te49r3A6f5BiIgBRxH7FH
5Ue1gLApNgWJmUsQ1z2Ptt,Papaoutai - Afro Soul,17754005,7jixKGP9cSwVSLEkmgbv2s
5VAxNatm55ljy6TI4Z7jdp,OTRA VEZ EN EL CLUB,669163,1EJbqGDuWfO79d0Wea80gi
5XMYL675amR1Ai3awCdmbV,VAZIO ETERNO,1206319,2JDnku4kiI3LuXeyKtzrhU
5XNVeOwcqhqdJ38kV3I87F,LES DIAMANTS DE BOKASSA,4708575,6Te49r3A6f5BiIgBRxH7FH
5YbDA37CN0YcgZXF6L2cBX,FDO,17661703,5F1aAS1duwlzExnPs3l2Xe
5ZfT5vBRF9ewKz6MRJcyiU,Era Sol Que Me Faltava,21763671,0uGWkZRPp1Urk77XBrPBsZ
5Zfprx7dvrK3oH7U82cTmO,‡∏´‡∏ô‡∏∏‡πà‡∏°‡πÄ‡∏°‡∏Å‡∏≤,1119334,52IxFzldfmZmsLcF078dnY
5ZhqRcd2VPhvcQoTTPAWVf,Carro De Malandro Rey - Live,1545921,5wONDxS2kxBgvk4Dl51fcQ
5aRM0P8ZrlyN98Ck1RM4Sh,"N√£o Me Fa√ßa Chorar - 15 Anos, Ao Vivo em Recife",2405785,44F6hbmusaHQR96WFbo6Lv
5ablpQWtlAMS6dBPIMGHc5,Adoro Amar Voc√™ / N√£o Olhe Assim - Ao Vivo,1239562,3hq7WoPJsrRP0KMSLhUgRz
5b9vNfNr0AvZzVDCbJyEU2,Ride On Time (Take Control Of Me),616369,25KX6b6mq5r1DE56EoWHO9
5bhTUxSNkAZ4H3uFjSJRTY,LOVE YOU LESS,12599597,3MZsBdqDrRTJihTHQrO6Dq
5cMeno3ytBvcWP5eFNQIGF,GOZALO - Super Slowed,10766677,09cKncAQn28NqTUORLMwSR
5curpTPf1vBRXUyDYRQJEV,Se Presta,1675932,2AbQwU2cuEGfD465wCXlg2
5d10gnmbT1MRkPOFjiX5nR,Quem Sente Saudade Sou Eu - Ao Vivo em S√£o Paulo,8081158,59jlthNnbmim5l9tmNA7se
5druwlqsFZ3HG7e4ngMNOd,Si Tu Amor No Vuelve - Entr√©game Tu Amor - Juntos - Live,678512,5nhpUbjd9KtuE0vi67czgY
5dy0ZEDh2Lxvza4bK6GR8w,Voyage Voyage,3758258,4gFiVj1eoR6KQPQyFZgXRM
5eDXUqiqoPQ2By3NKh1MXM,In silenzio,1118876,6PsQc21YZU7WNfiODG69Qk
5ealTwFIxSxIaVym9YGXLV,Quero o Seu Amor,2614743,30tExRU8h8VOiCeL9ia2aK
5ehgf6op0j2sE4lqjiTkMY,Ever Since U Left Me (I Went Deaf),1471613,6vXTefBL93Dj5IqAWq6OTv
5f7bwVUH1fw7bhzQnby47c,Sheesha,6625783,3qWCWW0lyHpnj6E1cYwtKV
5fEgyoVKE07j5TGhnyr5Kq,Sun Shines On Me,1483505,0SfsnGyD8FpIN4U4WCkBZ5
5fZcnLXRScqx9tSCzz3xVk,DALE,3050094,3DeOmVSmpv7WknXoo1OS8p
5fewYZz1bCsj72vjSwSxzq,Last Train to London,1019829,3OWO2LOPTl1u6XvJHkwHmd
5gXCgRvB84tsRhALyA0Eh2,Break From It,623512,6a9TboOy56IJPOQXnwv3Zu
5hTL0tXai7BoxNxxEPPTeK,+971,8054452,6Te49r3A6f5BiIgBRxH7FH
5hhZwYyYgHlfElYxCSRxNE,Yogameister,863274,64Tp3pyyHag0ngw5SLchgY
5iO7BlpseJmuEQ5NW9jZT3,F√©rias de Maloka (Caravana) [feat. MC Neg√£o Original],962301,6ySG9bDJ4Da8NWBQqmlWKa
5irWao94uuCfkiMyttfFJ0,PENSANDO EM MIM,2033415,5FK5T4mGxkfedPwBdFnw1X
5jXXQY6LLlEtEWMDL6XcaP,Chat√£o,16629625,1mV9h1AwhRXSjBFcYpajgY
5jcYydXem4KnPkP0nYoSPd,IM SO LUCKY HARDTEKK - Slowed,674263,2XIvRnp1lZPCejrJFmMTBo
5l5HvTdIjcF0FGfumcwIiA,Morning Queen Energy,1663932,1ySrbBoYh0KYOI99w8cjMP
5m5UYRlUNW7ypgh7TsmGIa,ÊàëÁúãË¶ã‰ªäÊôöÁöÑÊúàËâ≤ÂæàÁæéÔºå‰Ω†Âë¢Ôºü,966087,5QGALLXDjpaWbNlw4NL8gj
5n9PL4NTDNQiuFXFVc7euj,Graveyard,1099237,3QH4U1cl3vgR0l7JsE19jd
5nSZtRzD5rWGZkKmkea2ie,japanRAIii - slowed,1649510,6ZzWQv9hIaPGiODRE0cMEB
5oGF2Nsrpe3QlyB9I7Jhc3,Lose Control,590591,6QACkIioo2Na2EKEwJzCKK
5obcTVBYLhSTTBuuttwq24,Theater,7435063,1nzId6SLDDTUTRV7lNbgxp
5ofDEUD4lrFKgEALy5ysZJ,Hold That Sucker Down,610698,1YrGu3E2y8jG5JJFlDEWFE
5oq6jC25L4VIbEK5j2PjJC,TODO DIA EU IMAGINO TU DENTRO DA MINHA CASA,1936807,3SGneAOl4blAaaKs2pqVLO
5p70eFyCoZCTInBlsO0cS4,Fuck Ups,4684407,1VPmR4DJC1PlOtd0IADAO0
5pOKuJPebDJAr295s5NBTC,–¢—É–ø–æ–π,1677319,1ZrJxKCLNjqk4B73SoR7PN
5pUqemb3iQfjt3y8earDwN,All Good Things Past,2817434,40ZNYROS4zLfyyBSs2PGe2
5qZSFwlltsd0BS9nYBe6xK,Amor Sem Fim / Ah Moleque - Ao Vivo,1565780,6vTqEFbTtTRJsuIpzZgjxi
5qnsOaUaFUL1rmA08Rfdpv,ADN,900999,6dbdXbyAWk2qx8Qttw0knR
5qsWVdqK8f3xPVr053loPl,Malfunction,748670,317WNinb0dgSVb6vudJsnv
5s4j3EtFF9P0f1KkqYzcT5,O Tbt Que Ele Quer,866890,1xmIVtkS9LEchsnnrKzhIR
5s8JPPlozHtew6J1cXmrXU,JESTER FUNK,1891454,03LOHqNsgWbNWqz9Ant9eK
5ssxrzsp99gTYjct9yKo5i,Me Postou no Daily,1111088,7H2UiBSifBq66tzbg9ECNM
5t2uZtcH5UyXkCWYy5oxGo,dopamina,58403534,12GqGscKJx3aE4t07u7eVZ
5tXdO5gmq40fl5mkFdp1u3,MONTAGEM FUEGO - SUPER SLOWED,692342,6jgE8u56Wz0N3PlPvWG1oF
5tY8rR8cdFsQdBauMGB7nz,DONNE RICCHE - Acoustic Version,6864349,07yfI2D37Ir0pGQ8huDd4j
5tZaKZPJtiHh6teQfVEHB5,Bahagia Lagi,10064824,5zAYPlhV1TirCul0R4NKGM
5u8Z140l04RgDUUDPNVNEf,Work Hard Play Hard (Slowed Hardstyle),1610438,1pHV2NLZqJVvMQruGS9Fir
5uP3QxI3qcOaerenrxyVTm,SERAPH - SUPER SLOWED,584832,4PVp5DWfrRKLK6isYv86jJ
5uP6vSMmfpqx2hYdeRGprt,I'm Not What Happened To Me,5795485,7xkYlVMlHwFL6oVCs3xrCK
5uZcpU0Wi02CcKZEDsxqUT,WHAT THE FRICK - Super Slowed,2798378,5LUWRPPWSSuoscgqvF2j7p
5vA8Oqhlgd9M2ynq8DUQjB,God Don‚Äôt Play About Me,1306145,4d7R6BS7dWijdkS5R9gGdW
5vCKMP7YLO3wdsc9q1wxEN,"Sasirekha (From ""Mana ShankaraVaraprasad Garu - Pandagaki Vasthunnaru"")",1432631,0L5f9aJIaxQXTipZ7uQYiC
5vz9SJ6wkF2RoEVMI3VZnP,Fire in My Heart,5020995,1xSJPHGAj5EOrbeUCbbUD9
5w025PPfwFzgzDTZycjwpR,AU 33√àME,2249669,6Te49r3A6f5BiIgBRxH7FH
5wAQpmUWwW3Qxm89yMDcHH,Vi som aldrig brann,1200398,7ifEkzjmxo75vYZ6y61NqN
5wfh5XuaKQOKAh6cnqvM6s,No Entendieron,1156409,7blmYn0od4ZJ1NQILl6hqd
5xLvGCVembLRg5jt1NlDEo,Pedindo a Conta - Ao Vivo,3377733,5JG9GISYjRLQUJMH2C6iJ5
5xOEnyX9CddnBbUNLmbW7X,"Sahana Sahana (From ""The Rajasaab"") [TELUGU]",4456827,2FgHPfRprDaylrSRVf1UlN
5xQAELRQ7BJ7Br0O6MLwiY,"Hook Step (From ""Mana ShankaraVaraPrasad Garu - Pandagaki Vasthunnaru"")",964004,0L5f9aJIaxQXTipZ7uQYiC
5xtTf3EDkoWJwlSpkEUvF6,Megazord,2683216,5aC2LaswbZgcf1G2uxqBxF
5yMI90sJYR068TLeEa5ES3,DO JEITO QUE O CAPS GOSTA,2590410,1uhE4e8omc2wKqIK88bqH4
5yZhRkybiHrVfcJP63Xbo6,My Life,1014907,4PooHx6BstbetDtBMrLyV7
5z2etgzOrfHxBmM7UzC8uP,Renazco en Mi,1528770,76rWRaWwTuSdjNYE8aEbLw
5z3lA9udc15kVQ4S4OcTsa,BOO,15706472,3TvL95zdOZWkMbkvfJ8cCk
5z7hq13p3zj6e6xO3xhod9,Lo Hiciste Otra Vez - Juntos - Live,728141,5nhpUbjd9KtuE0vi67czgY
5zXdosglw9AtnQzlkE3Ldc,DJ VOICES IN MY HEAD,559129,04aAtXBVseClHleOvtQCee
60gPUO52d5VDJfr30kKjTg,Acenda O Farol,896248,5re6NsyXzHg6uvNimzQ3F6
61AZX2UIt1QJEcQ0Dpv1Bc,No Letting Go,675533,6tV2P2SciHytsSDufKr57B
61AeiFmmwjlCC4P5To6cCi,Pikito,19580722,1i8SpTcr7yvPOmcqrbnVXY
61ecTlWWsnqVkgBO1A4f8b,95 Bulls (feat. King Von),1012297,6AgTAQt8XS6jRWi4sX7w49
61rfO3U360zRDDjFW6ajrx,Skin,5219649,40ZNYROS4zLfyyBSs2PGe2
63JqApXMKHSAH9eWay54fT,TO EMPURRANDO,1095449,5Dl7oGwpWOyvliLF3Uo2WX
63V0E20PqFLJVE0TZZMYLJ,+91 (feat. Niska),1912503,2D8Vb8JwQhndC6H6heA1kD
63tBXIkHpGP99Powr8UxBv,BYE BYE,12219074,4UW9Hdsrx9kX2HdJ90jRKM
641uWlhT8KRRE74GvDDsxa,"Rebel Saab (From ""The Rajasaab"") [TELUGU]",5672209,2FgHPfRprDaylrSRVf1UlN
64OPgYoAlUd4EK4qNm0Dof,Estranho De Novo - Ao Vivo,1341026,47uyFQHOD02S0lj9ptRpoB
64aGIcMIA3hlMNfnnSxaTC,DJ SO ASU - Pelukan Yang Hangat,901849,7FHDJhs5QROL1vQr61gOiB
64h7RfdjcbfAexdjH3YDXl,Sometimes,1487952,4Rk1IR9U0z7PEUBJvvRsGr
64oGBcC9hnqNiupmXb8VCz,Frenzy,3832476,1VPmR4DJC1PlOtd0IADAO0
65DnxeG8nzkCpP1X234htf,Anchor,726591,0U6Adu2ODsqB9urN7BslVo
65Ij6O7xwDOJpL6Y5YBsCg,Big Big World 2k25,951002,7ugN9bU7x54gVI2295brJF
65O1EyYSg0Leyf0li6Vzah,SET DJ YURI PEDRADA - TRAVA CHIP,8104543,3EYuWIltJb3kzoKyRzcTsi
65X2koe1LhDgQmRkNdJFv9,AIZO,9977159,6wxfx1yhyqjCPYwwxJktR2
669PG7je3XBT9PP7POGGiW,Dear Jesus,815696,5Ye2QWN2Wl9zTn947eaest
66OsJoUgHeeqrHUoMFeP9V,Missing Piece,3229586,4BqK6JLgMwQ99hx85DxNhP
66QLKLeCligHRpQBFaCpiX,HOLD ME AGAIN,2565319,5oJvmyeWzyeahRtjup3Oys
672QoT423EBSUcNR1aJsLb,There is a rock,619848,32RaA7TgQ8WDXFG7xYBxXE
67Ja59Tp3KbqLtZcO7FG4D,Electric Feel,640720,1273CkIB0lP8EWV7OoqiKc
67XDv0KTHnOLXOavKdsXM5,PAID TO EXIST,1414786,09avmjEW545jjgavFVa0JD
68ModHenjywPVOp4OuKVsa,"J Balvin: Bzrp Music Sessions, Vol. 62/66",15584604,716NhGYqD1jl2wI1Qkgq36
69VCkEHbd1SCuSt2plx5Qz,Heartfelt,1141598,2JJLo6OchMfh5VgpVZmVTw
69XTx2VTRJvBq4ZqoVJkx1,The Last One Dancing,965609,3SjOWNhqeaJ6B0d6KFpAeE
69qdKg27ob9WE5eMTbaPLE,Close Your Eyes and Make a Wish Punkinlovee (Fright Night slowed),2606065,676eNVhwsn3rU9EK7Qx67Y
6AXscVju1220e229Di5uUX,Mega Funk Lost 2,694783,4XZR4NawJ2XBNzaINpqrI5
6B2t1vEeh8YyEBTDIsLLB8,KING OF ROCK,932233,5A7T1LAGJg5NXySBoIKUmF
6CCPRV8sm9fmuxcnjvIqdW,BACON,1183356,7gZfnEnfiaHzxARJ2LeXrf
6CWslpH2W2osBsPDza6Syk,alibi,827516,712cOCN3mpraX2UOgUvdHW
6CrpAztWyhMb4Ve2kcg5sK,LiFE 4 A LiFE,759493,6aiFCgyKNwF9Rv5TOxnE8E
6ErYCJLhcgPtjk9pEJW8w0,Coronando,1508094,2AbQwU2cuEGfD465wCXlg2
6ErsNQoH1M1olGAdS9GkH0,Ghost On The Line,549152,1vL1PKPuiIig3FFUqHz7b1
6FIhcAp2lj45eFlUkTriAr,‰∏ÄËê¨ÂÖ¨ÈáåÂ§ñÁöÑ‰Ω†,1809752,2PRHe0bqimdQP9pSORGE6H
6FlICUJXQ6JcBsdR7y9wuM,V√§ntat,782102,6RJXSfbIkEMoCJ8GAg2dVO
6GJc93iZwtT1sennWoDYLa,swv,3383803,6EYGGkM2JDpX5CjHpGkiME
6GYTlakLY14kQ0lyvJ1IXt,Degrad√™ - Ao Vivo,3177700,4IQKOXNGjuRRe0WgOm5YfB
6J2eH6qD9A6XgG1MIHORNk,GRAVEYARD (HARDTEKK) - Slowed Viral Edit,1895764,0avYH8XwAoDfOJsqbmTuV6
6JCpZLJN0fzvmyWMbuRm0h,All My Doors Are Open,771580,69zkVA1W5J06u0FZDfwdSe
6L84AuO4VX49v1CeobEmlb,Finders Keepers,1066212,1gys0wFhj7eK75U30auAF4
6L9FiVmhJrUWJzOIJOcIMb,Â§©‰∏Ä‰∫ÆÊàë‰πüËØ•Ëµ∞‰∫ÜÔºàÁî∑Â£∞ÁâàÔºâ,647948,6soipSciXpLZQl5HCXY4vx
6MGnc5b2Xen2vTCjJWYM7n,DES PIGES,2479863,6Te49r3A6f5BiIgBRxH7FH
6MKfYl08wrrIrH3a0MyGt6,Punta Ka?,2293576,3d0hhzHPK0jA5mKTeFIZc5
6MdAsxD9heD8XcnruNwxuT,Kanlungan - Rock Version,1167576,4rCWHvHNo6YpPeLhCnIxS5
6MmIzStC3FpF2u9L7KOMze,KING VON,3805461,6Te49r3A6f5BiIgBRxH7FH
6Mr6xOUz5beVAGwOS31NkA,Sailboat (feat. chloe moriondo),658061,2hR4h1Cao2ueuI7Cx9c7V8
6NdgnS8L3eScaYRW1hRDBz,Bakit 'Di Totohanin - Rock Cover,797726,1wyY1DhksbNimjRRgm84d8
6OeJRqIiOtxv2oZpyX1hNI,S√≥ T√° Faltando Voc√™ - Ao Vivo,858909,2LiTVEYDOEckioqrkD83jL
6OgSofmc3b2CLEoFdQg56f,J‚ÄôAI PAS CHANG√â,2181450,6Te49r3A6f5BiIgBRxH7FH
6PFxMg4vYJruduu10AIX6N,Mais Uma Vez De Carr√£o,1054631,1bpnl8qbR9GxmiNlkEufW6
6PR1UF3uTM9ml8galpJ0Nf,2009 Reggie Bush,5834483,1VPmR4DJC1PlOtd0IADAO0
6PoPjT2IabuxwHOvQcibd4,Silver Lines,1822926,6KGv020mJkIjQH5YPDSBcZ
6QOOnaoczEeWw4zEICAJyB,"What I Like (with Moliy, Ayetian, & Tyga)",840869,1fctva4kpRbg2k3v7kwRuS
6RlkEHM3PohEge8Lfhe9Cs,„Ç¢„Éâ„É¨„Éä,2056730,64tJ2EAv1R6UaZqc4iOCyj
6S37ilrmjAKT7hq63NSylw,Beautiful People,549722,6AVLthptCPhfrxlHadOBJD
6S9NAo3A2MXL1EPkudYB79,Kisses And Cigarettes,939899,5rEwPEAHq2q1yW3wF4av5s
6SGYTa6pmkTB9SckgyCv0y,AU 33√àME,2249669,6Te49r3A6f5BiIgBRxH7FH
6SVWS7mkMmv10GJUhCHsP1,Salvation,1309885,47mIJdHORyRerp4os813jD
6SyGe7pAgZLIouqtLbkeFM,Alma y coraz√≥n,1044887,0ZHPrnImGh4re3TbSNkoZl
6Twf2B2IGXAN0YDJeTxkt2,Menerima Luka,11840884,2w2xKlumnOzCf5eVTkmNXn
6UTUFTUBJEDtO9HXWO1KEA,Stay,1129289,75jzFWGzvtNIwV7xoAp0wg
6UhyOKAi2V34FD87MKaJ5Y,Havaianas,11162383,4Ucv2hBE3WtFc1gScBt29n
6WG5psY5PscQMrHP7Z26ad,All The Things She Said,15121853,58O8UPrTdl4u2buM0skj94
6WIq8ScBcLDYnAecJ2amGy,Cadeira Amarela - Ao Vivo,3288110,0CrGLmfVKzk9rAyiNb91ft
6WlARP6h4CDVOcY386wW0W,"Sitaare (From ""Ikkis"")",24947795,4YRxDV8wJFPHPTeXepOstw
6WpEJFgOVPSeylZ0v1kGK0,Put Your Records On,579550,02TbkOielUUsgRVxnT1Xyc
6XJbP8m11mL7fkrpgrDCJC,ACIDO III - Super Slowed,5866772,6ESoeEazu57neU7UM6KRuC
6YB7H5BCz0i1sr3JuJjfqT,Toda Trabalhada,1617117,52xstrfqEahsQREdysdsgr
6YNfmsd2NVhTYWPuObNxQa,MONTAGEM VOZES FANTASMA - Super Slowed,642268,7FqHcUwnhxJZAgS3I6GFFL
6YOCx2VG0PFBsZEhaS1jjY,Je t'aime,725920,4Jd9XCHzRXTB7ZPPVzJoUm
6YkGw5op7PeyP2gmMMMrfJ,LA VILLA,42135982,7j6DKwmjbxvpQO8h914uEz
6aUccuGqkd9HKdpSeuS0tX,If Your Girl Only Knew,594962,6lFGvLLUwT6MB6Fx0CkRwk
6aVC5Q0GgNV0GtzzQDzr70,Cullinan Mansory,1634523,6Te49r3A6f5BiIgBRxH7FH
6afuHWt45FEdNM9pkmVbgN,"Oru Pere Varalaaru (From ""Jana Nayagan"")",6025223,4zCH9qm4R2DADamUHMCa6O
6bor3RIvmpmz5c435liCs9,Cheiro De Culpado - Ao Vivo,17364833,5fWvTvWy2NCaVy8pFmWIvk
6bwY4Bms3owJsDjkBk4VKq,√önico Alem√£o Que Eu Gosto,886677,3l3kTDXnvYNA4u1kLLvLn2
6c6XB7uboC9ARjk8cpgO2W,Onde N√≥s Chegou - Ao Vivo,1532791,6u3oPV9fJJnIOKvKMoROmG
6ca7VFQyvV38QvWlZauvIj,WAKE UP,540110,6SsTlCsuCYleNza6xGwynu
6cgnliDsVLOjPUcCiUodCt,malibu,16315362,12GqGscKJx3aE4t07u7eVZ
6dGS0rGElrf9R961GkueoE,Caramelle,1917279,0RViEWnZO2VhmY4oI0PhF9
6dMRJ71M8AtrA6ZcJNvUA3,Stressed Out X Haunting X Alphabet Boy - Slowed,1698156,32ENZVmItiETXMCYfM1bbS
6dcEIZW9ok8paJXIgG8SB9,Stayin' Alive - Gospel & Choir,864760,5qTBLbPntetoSn34wS8n8o
6eYJZ8lvmp0xLUTrjTitW3,say dat,1514229,6hpztnbgmaneFFGGnEOVjd
6f00ixRBopYCszGmKhOUyp,Bendito,1995025,2AbQwU2cuEGfD465wCXlg2
6g0PS1ywPh3eU3EmvDiAfD,Lumi√®re,1145323,6nG2T7gGBQilOJXPWw0F0n
6g1u7IdhcA9rZUV3Pizsj8,SENDA BELLAKONA,11381634,14jYF182Dap3pcHNfSxAUl
6g4oagMXIa5zeioa0dIDRc,Cicatrici,1935354,6PsQc21YZU7WNfiODG69Qk
6g4z9dAa1EQMeYyC8JjVsX,How Do I Live - Rock Version,1763940,1wyY1DhksbNimjRRgm84d8
6gDdbYPTtykyvTQBP6HSrM,MONSTER,854546,5A7T1LAGJg5NXySBoIKUmF
6h0XPyjCuVCEluRG82Nbjk,"LINDA LUZ (feat. DJ Kaio Mix, Fepache)",721295,5s27i7oqhNWIcE4HeoVdq0
6hTIZjnLh6zjhhVu9oazE9,MEMORIES FUNK,1323326,1PvcWjADPMezv8CTyJO9Uk
6hfkcl00Xxs2jPUsqPrfsD,Through the Years - Rock Version,647747,4rCWHvHNo6YpPeLhCnIxS5
6hjFMWxUOaCUkJBRugUDsZ,Colo de Menina / Xote Dos Milagres - Ao Vivo,737744,5qIpstBGrGteJZg1xIvbiz
6hkrmRK5Eg1tzSYUS1IntV,30K,789226,2AbQwU2cuEGfD465wCXlg2
6hlYmR30RGaHIz4UlVOG2U,„Å©„ÅÜ„Åó„Å¶„ÇÇ„Å©„ÅÜ„Åó„Å¶„ÇÇ,2315703,6rs1KAoQnFalSqSU4LTh8g
6iltt0n1DkQ0AtCcwxXNZJ,Theater,7435063,1nzId6SLDDTUTRV7lNbgxp
6jC36NU3sSAFy5YjUkGGKd,HEAVENLY JUMPSTYLE,8246137,1HcduAQRxX1Q9hOTAQ8bOI
6kXF0OBMNrhG59BGVGgNRi,Esa te dej√≥ / Te quise olvidar / Jam√°s vas a decirle - En Vivo,716280,5KsX8xNfID0ztueQjHFjsJ
6kaWah1Acn1dtNjAy6sm1p,Di√°rio de um Cafajeste,39371201,1b8S7EPzdckRyIh0uSbOMI
6kamZOSWb8ahxRkrYARPNG,HEAVENLY JUMPSTYLE,8246137,1HcduAQRxX1Q9hOTAQ8bOI
6lfA0bgaJRZjgD48VFc1i8,Escondido Dos Seus Pais - Ao Vivo,541498,5Lv2GUVwqmQBPwrTrxucE5
6mCpjU7bPQgImcu7iW7rDD,"It's You - from ""Heated Rivalry""",1531412,52NQGJWKvdWMbKxThs2fNC
6mjAHbrbkeYAJTE4B4kDsO,Nesse Ver√£o,1246323,70x9rYb58QCNNeNxuO3StS
6nqwgfRXunJ70wnQfzPqZG,–ù–µ –±—ã–ª–æ –±—ã —Ä–∞–∑–Ω–∏—Ü—ã,1012126,0FmPiIZDoNiGlQ4JIpG0Ve
6nrGY6PUvrF9PGWvpySE5L,Lost Days,1276576,3cyV8AxHAoyulOGudi2PGG
6oRuDiPeZeTcpyswJKXQue,Âº•Ê∏°Â±±Ê≠åÔºàMidu EchoingÔºâ - Slowed,1692628,51xakPscggv7Qxu020Q4pj
6oxx3VARDcMNKrol0jyDAx,Dentro da Minha Evoque,1495870,0uGWkZRPp1Urk77XBrPBsZ
6pKln3FrVE1nq1WkdGHqZU,Tina,937855,4LdArZAC1QPQdyz8JNOYVW
6qHrLC17ZY2ZA6b7udhPps,YAYA - Remix,2431527,4ifWa8uYjvbxB4ouf9XbW5
6rL6XAdZ3Y4Eg9ezak79IH,So Easy (To Fall In Love),1373826,7waf85RGAoJdaKPWCzOjQJ
6rQCPgrLJMQavladOGpwZt,meaningful love - instrumental,3079362,1fcxLeCKcWWSgJ4QYiyxbn
6rY4CO2ko4iWpSIm93fWJv,Talk To Me,2664663,6UE7nl9mha6s8z0wFQFIZ2
6s5fdTesXo77NneP3tn3Km,Domingo Familiar,1717197,2AbQwU2cuEGfD465wCXlg2
6s9dgMPPeXtZrhWJcCPbTX,NOT CUTE ANYMORE (Sped Up ver.),2679551,36cgvBn0aadzOijnjjwqMN
6slkPhctd8TU0sxcpeH95f,Se Ela Me Desse Moral - Ao Vivo,2132146,2LiTVEYDOEckioqrkD83jL
6suGx0q6SlzZSp8dc64yiS,someone new,3631460,3mMogqf2JyBUQZxFZlC79w
6tEs8Zv72SgskYAJdzfOFL,Pal Pal - Talwiinder Verse,4739078,6QoCrBHsojKnOrsGNfRcTN
6tJvgq2imhqTdmDivVlefX,Fala Quem √â,3194691,7FNnA9vBm6EKceENgCGRMb
6tiV0ZXiC3vtinBFnD58t1,Heridas Que Se Curan - Juntos - Live,738130,5nhpUbjd9KtuE0vi67czgY
6tjnXY2zlKhO9Ca9l4qDIs,NWAR,1710115,6Te49r3A6f5BiIgBRxH7FH
6uI9KsHHXkHmpHFC0imxjv,times of my life,5001126,6TIYQ3jFPwQSRmorSezPxX
6uLcqYE347zlvXD6rhiM4J,The Flow's Son Black!,1066600,7JGdIwHe5RyFZvLEuRdR7N
6uXLkl9s5ER4ztOT77d1pa,God Did,4916786,4tnu4MuDLf51KcBOYvaB5W
6ubgyAW7hlmdTYN6HIA2lr,T√∫ te vas,823748,01rgao9OzfBm2BOHWJpi1Y
6v3aVSYMUOKOoh7Ut70gJ9,Komu mia≈Çabym powiedzieƒá?,2660796,4QYitR7yrCaf5CLQ09hX1m
6vDVu9IM9s8L8XMQ1c1Yti,bittersweet,116737096,2kRfqPViCqYdSGhYSM9R0Q
6vH6xKa1vh9ihWrLYZAmU8,Banda Kaam Ka,5671746,2n4q8jLM4WLwlva1sZ2WRx
6veDERlr1D6ma9QyhGwjWS,Promessas de Vidro - Ao Vivo,1971928,6vTqEFbTtTRJsuIpzZgjxi
6wg4Cy4qOP12tmPYLtFnvI,DESCONTROL,6549131,14jYF182Dap3pcHNfSxAUl
6wg9oQ055KTynFmkqc05yS,Bolha do Catucad√£o,1590308,7jVlpi46PQFYRcsihTVDK4
6wsnvu20sNYtL1MmJgbpv7,Runny Eggs,5248795,40ZNYROS4zLfyyBSs2PGe2
6x2vym34INCnV2nRo5Y3Yf,MONTAGEM ECLIPSE - Slowed,3053198,3QMpCp3GHiHXgnX1LldXWe
6xdcjDv6fjoVRIEahC6q4C,CARNAVAL,3103023,0nFdWpwl7h6fp3ADRyG14L
6y0JqLRPU9kxRXL2jAsJ2q,"Naal Nachna (From ""Dhurandhar"")",18126742,465OXuCU8YZNmVG1leLwQ9
6yu0lV5rMjExIEALTId9gl,Bhai Bhai,674904,36iDrP3UnCxsSH9LuSdkDj
6z8UdSd8KICCxlsk2Rkw7P,u said,935689,2NqUNNVaealnNxAUcSX9Xq
6zJ68ym0Buv2TpuUu8tw9A,HELICOPTER,8236342,13ubrt8QOOCPljQ2FL1Kca
708q7FVfLLHwipRUYeKTbD,Hagan De To Meno Da√±o,1970399,0DiYoKuXAI3xAA5JiU5UFX
70PwqyjM1hibiobKUivYHF,Proibido Vacilar - Ao Vivo,721507,04QHNiih9ZesPvals6II1h
70a5UtwaRBqKE9jcr7s96y,Adrenalina,587241,7z48B4UbsaRaEfsRKgqDJk
70rcYKwbEW2hHDmYA64h7Z,528 Hz Sleep & DNA Repair,1029031,4rXABp4A7KjG9elWFNAbO4
710S4xIHXIDi3bm2kQVf3w,In Searching,639201,3Y7nPioCRQYii5bAFVbOMl
715XEB4ysvCZ5SCMgyDPdK,"Mega Victory Mass Song (From ""Mana ShankaraVaraPrasad Garu - Pandagaki Vasthunnaru"")",1004917,0L5f9aJIaxQXTipZ7uQYiC
72GqkY2T26u6OzWqf3xkSk,Set Dj Gm 8.0,8756632,03PnQHlbH5nDDVX3hNg628
73GjHCj5pJAF3LDJXp4o4C,1 vs 1,1611754,6PsQc21YZU7WNfiODG69Qk
74yeYD6XNdGWGb2FeihqCa,Como De Sol A Sol,1885644,2AbQwU2cuEGfD465wCXlg2
75DnXTAoFiorMrqkPVbjSH,kota ini tak sama tanpamu (with Aziz Harun & Aisha Retno),15196799,6UgERnTHmjk3qXM9x5vzyO
76952ZbAHlgMqrIEMqYkgB,Papaoutai - Afro Soul,17754005,0g0ZYLiNYI4kMg8MX76bkN
77Rrh3GmnQtudQWWJkomiG,Frozen,1106925,06HO1b1nd4kQzRakdZBTSc
77W1irb1NagXDxtQkJM7oY,Se Ela Me Desse Moral Rey - Live,2132146,5wONDxS2kxBgvk4Dl51fcQ
77uTpwlJiQH565r5cNFny5,Bom Sonhador - Ao Vivo,587563,04QHNiih9ZesPvals6II1h
79II8QZ08SaeS7QWfi7iSS,come with me,1004653,6yxMxVw1MRLoB9EJWO5XVe
79vyvV8mtSFM4VpNpfKYW5,‡∏™‡∏∏‡∏Ç‡∏≠‡∏¢‡πà‡∏≤‡πÑ‡∏õ‡πÄ‡∏•‡πà‡∏≤‡πÄ‡∏®‡∏£‡πâ‡∏≤‡∏≠‡∏¢‡πà‡∏≤‡πÑ‡∏õ‡∏û‡∏π‡∏î,543205,3eZZxHDZnPYQJwvm7NSYGr
7AprU1Nb2A5gL080qjzj6f,Paleta Dame Paleta,764770,56DYvlyuahAj0OWxlb9LDr
7BhG41omZ3k1wwlNzIlCrm,Paparazzi,5142434,23R4AtMwVv0pbJYB1joioW
7BkpesGJWJqrVKSsIdNLHn,20s,12442673,12GqGscKJx3aE4t07u7eVZ
7BzVZvfO5Cw839gfdnljyi,Always Willin',3077966,40ZNYROS4zLfyyBSs2PGe2
7D1Bpdcn0QHENBEZIRVlHZ,"Down, Down, Stream",2908772,40ZNYROS4zLfyyBSs2PGe2
7Dhwa7s9rrOGmTTkeJfalJ,Aishiteru 2,881672,5Og7odNbxSKQJ023S4MHVw
7DrD04EAg5BozkFEZESiSx,528 Hz Insomnia Relief,968589,4rXABp4A7KjG9elWFNAbO4
7EOIHK5ZQ8wRrThYepY8C5,Venecia,752825,24XyZeV84qSzHbYple0FmS
7ER6WMPD0s7aglEDWR5gzL,VOCE NA MIRA JUMPSTYLE,815838,6cUZdCbsiJJXae86kwiH5v
7F5QR3pLcfw70joEmJftPJ,SENTO - Slowed,2536705,20grbXINI9PPalsRLgh9oP
7GIPYRB6nhApPQwh8nUrXl,features,1399303,0TZD5e7AMfl6KIOoBrAoye
7GOJJ7LsEePHTsI8mulxbW,Tokyo Drift X Gypsy Woman,1117424,5WKQq5atrJyaOgZOXDfcVu
7GSKEUunbDOtPSG1TLXq8e,TIKI TIKI,1522400,6GRwwWAtmusrgAL5JF9Dfr
7GzRxRiDEBBa42S6Nx3IHJ,Te Quiero,4115474,2wkoKEfS6dXwThbyTnZWFU
7HP9XyAfT8FXMWHa1t2Gib,Como Antes vs Bubalu,660398,2ulUGiMsMrgye4aAP5dmfX
7HY7YlBwdZMTh69E1gkYm3,Pega Esse Carro - Ao Vivo,5208263,0NsJZ5PMjqghGDuMzY7CuT
7HoWt1XVdWPcdZi2oVi9OQ,Broken Strings,2753915,7vk5e3vY1uw9plTHJAMwjN
7IkxId4h1wUyTCD8LpvtwA,Dhamaka,1556757,1T7MiVJ2MJlR5GKi11w4VT
7IyBvpCV5itnX98vKMramA,SENDA BELLAKONA,11381634,14jYF182Dap3pcHNfSxAUl
7J9mEYmPlt8QUlUjuUUKMd,S√© esa mujer valiente,600243,53ejCadpKDLZAGO2Q7JOM5
7JFN71LKQNgpphLOvzGuuy,Quero Cambori√∫,3215251,0uGWkZRPp1Urk77XBrPBsZ
7JHIwFNykc608c5mw9bwYx,DeAnn's Denim,4867128,40ZNYROS4zLfyyBSs2PGe2
7JJtL9q1iuH6qCpLwUlBJd,I Don't Know - HardTekk - The Dark Triad,1136902,2qP5HGgkMImWuXyCfMaF7w
7KOijaSUhe0dyiKNZLsl8X,Blue,1228550,4wBjmEkWhY4T22q00CiF5V
7KYoKKtfmEUEzd35lD3OnG,Bottle,1155887,3b3PfZsOrb3cPzSCZjawbr
7MIostVEWJaPmeO14PVuMI,"Jag vet, du √§r inte min",6056396,7ifEkzjmxo75vYZ6y61NqN
7MP6jngkoEGUXKdpVeTXAT,"Raavana Mavandaa (From ""Jana Nayagan"")",3300241,4zCH9qm4R2DADamUHMCa6O
7MStpKz6w6a7Kq0QR7QTu0,i think i'm addicted,17847978,28ntgpEkMU9Zm7F3gLDMhZ
7MZkGKcVLev5WaZmX2XpPX,Brincadeira Gostosa,2553611,7FNnA9vBm6EKceENgCGRMb
7N3mR4WnEuq1MUQlxb6JWH,Mu√©velo,29376959,1U1el3k54VvEUzo3ybLPlM
7a0gnNjYofOgM3ROE0WIsF,Ni Que Fuera,1257820,1Q6SZxTvaE3HhslV0iXbI6
7aew9x5bCNEWYidohq6JNj,Ni El 20%,1396456,1XrNDYzPQVM08PdMRn1mvP
7bRZSHUpTQFne0BbARBO8i,End of Time,2752042,2DwbPVZ7uyW2B0AgoHuzLn
7c4MSlHgogQyJypkUgmwrr,Jangan Tunggu Lama Lama,1394418,6iwGYa6SkkbWU3JjwLuTAQ
7cMkTo3GnHUiH1AaPcx9NS,Impar√°vel - Ao Vivo,1601570,1AuDtbIuaPj9LHnOUMT3C8
7cjoZVmWe2xsGR4wcXiV2v,What You Saying,38589769,4O15NlyKLIASxsJ0PrXPfz
7cxVcyNSVnTkmA14HK5Djx,VAZIO ETERNO - Ultra Slowed,683833,2JDnku4kiI3LuXeyKtzrhU
7e0sd39oELbsd5pG4KTh3G,why,1620425,7pxsX3pDJALbmH6KKn1x3w
7eO17zOIXHE5e9e07H9fB3,theclubrock,10666170,5d853eyaCknmc4SynWaoR6
7eRdX2HLQZmQ9n1bbAsfHp,Outlaws Get No Entry,3326257,4E0I7rDFoLnOLb76hcdJ0v
7eaDROlBUO7Q5p7sXkshlI,Niemand,2184775,4VuARVJiWGsH2msKTdsKdQ
7fFXRzdVsW8nNIjgYwL5Pf,Superfantasticamente (Superfantastico),9622271,6wduHvHCH5QZtWs6ULilDM
7fTphBNcrJT5ObP5sF7ZpS,Tapa Tapa,1063149,2v5eqze59fqRes2e5QVGhf
7fck0ghWTy2omlEmlH91Tb,VOCE NA MIRA JUMPSTYLE - Slowed,1451677,6cUZdCbsiJJXae86kwiH5v
7g4Ewuh8njWucqfwY7PdmR,Tunggal Eka,3181082,3Gr3opnAGpJiTowsTyJFWG
7gmwFiZtsPyBT8wI2u6mGN,J'attends au Carrefour Market,3317805,3B4P9BeoaJXid1mY7BmUvY
7gwI6vjJKqpXkA1Zgfjn31,Where U Going,1696163,1ElV1LPQsKmt6kuUjIBdHG
7hl1REazG2eMQwYLEsMhhz,GOZALO,29748916,09cKncAQn28NqTUORLMwSR
7i0jnaHh4ZLQmtux4qTxXV,NETFLIX AND CHILL,2832153,0qTZZWLzuD59Un5r1speHm
7iKypx9oabz2cH71AocRQh,The Fate of Ophelia,797336,7eehGkMnqCS6Hp7HJIXH9e
7ijXcEGlc62lFRFhNaNOeg,√Ågua Rosa Rey,636069,5wONDxS2kxBgvk4Dl51fcQ
7iu8rndF55FNv89K1Xy4cq,Como De Sol A Sol,1885644,2AbQwU2cuEGfD465wCXlg2
7jVr1ZipYJJR4qHxZcQjqa,Saucin',3828687,2F4oTJOWkcD1JaTeKEa9h6
7jxbQWfiNS2Z8pPiXkFvgh,I Believe I Rise,3710476,7s5jADIx9KUXAbYYOf9mjX
7kZzf6QOqiJ2i6yJITuuQa,LETTRE √Ä UN FILS,2265103,6Te49r3A6f5BiIgBRxH7FH
7kfzFPPx1nfwtcQef3Kd5L,Forevermore - Rock Version,1063015,1wyY1DhksbNimjRRgm84d8
7khljrwL1dO6sZDAClVeLF,Titi,1648409,34pmYm95tyjrnk8Cbj6nFo
7kiPXq1mQ8yakcIYmqrw6t,‡∏£‡∏π‡πâ‡∏ï‡∏±‡∏ß‡∏≠‡∏µ‡∏Å‡∏ó‡∏µ,2164249,6QeYcD1n2YcWygCScfLhRE
7l3b0X95GdYfRuW8Kq5ixC,Tch√©b√© 2x,3985622,1NB6QyaNXhrDd82y0WyG3I
7lB8fVwpjbCqSGwER0S0Se,ACIDO III - Over Slowed,5695245,6ESoeEazu57neU7UM6KRuC
7lN7nIbWljGlYPHALsWPTu,4X4,1426514,6PsQc21YZU7WNfiODG69Qk
7lOZfMQ4ZIpdczCxWrdXfR,WHAT THE FRICK - Ultra Slowed,992201,5LUWRPPWSSuoscgqvF2j7p
7lsiEEngDO2BLa1xR7PbJs,XOXO,856210,2MdFJmUQf3ckA99IhFF9my
7mixpZVqU8AWHvSqOL0wKy,HEAVENLY JUMPSTYLE - Slowed,6293826,1HcduAQRxX1Q9hOTAQ8bOI
7o9qVPLe7MI7XhdAS1PkrN,"Zoo - From ""Zootopia 2""",65070154,3xvaSlT4xsyk6lY1ESOspO
7p0zRjSeJu091IdVihXMHt,Lose My Mind,3552374,1FIsnQiSPsuqA38z48irJC
7pk4KSPgRu0QPfYUaT9VEd,"Ratnamala (From ""Parasakthi"") (Tamil)",1376277,5VVN3xZw1i2qihfITZlvCZ
7qVntDLi3qf0mm18Kd54lx,Santa Fe,4720468,40ZNYROS4zLfyyBSs2PGe2
7qqixxBvZIGSep53Eh2o0b,Gauchinha,15480390,1bpnl8qbR9GxmiNlkEufW6
7r6VRptvDW823qScHTHBN6,"Zoo - De ""Zootr√≥polis 2""",65070154,3xvaSlT4xsyk6lY1ESOspO
7s0ygb2NL1HadOECm3fv6D,(how could i be)honest?,573981,3fJfvyieATQfDE47J42H2E
7s8NIgpeKV2lMsjdX4RBcE,Brincadeira Gostosa,2553611,7FNnA9vBm6EKceENgCGRMb
7t2JELey25yJKmZLA00BJz,Set do Rincon 1,7108033,7gXnv2nAoF9X0XJQ3AMp7d
7tHWvdob3PelOqf4b4UPis,Swish,561113,3WnmyxLdTHKN83h75tcb8P
7vYjtYAhDdSSFj6PilGs2E,CUTTHROAT,705312,5A7T1LAGJg5NXySBoIKUmF
7w5Q1hqnEtRwmPqflWI5Ql,Dedinho de Por Alian√ßa - Ao Vivo,1582738,3kz1MToxXOeJU18hzSRbRm
7w5VkwWgvueJ1kyhziU1w7,Gone,1010245,0JzgaVLxpCeDg5WIm06DsU
7wITc9jRTjE8R9Z6KNvzK4,La√ßo Aberto / To Por A√≠ - Ao Vivo,616265,5qIpstBGrGteJZg1xIvbiz
7wKW46iNTIoreKY9wFInMY,NO JUMPER,2100339,4iFCJ4DmsDgP3vpNC1zcSx
7wZO3IwDzMTrtjYuCsJgPP,Too Sweet to Share,629078,017d4VdlEMDMdHo4GiVjp8
7wokbzrXvMh3dJvSjkuW73,Folded (Live) - Spotify Live Room,725992,0cGUm45nv7Z6M6qdXYQGTX
7ww9dHtVXHoJEbGGLSH7m2,Wanna Party (feat. Dennis G),1775855,2dPLkqesvPXpIlP65JoLrf
7xAxAHpkCfd6WG1lpKJFeS,‰Ω†Ê≤íÁ≠âÊàëÂéªÁöÑËàäÈáëÂ±±,1422147,1xCrrnnj9xif5G0y3ie5dM
7xLfNI4gRNTu6FyXJlzBW5,ni pedo,33984443,12GqGscKJx3aE4t07u7eVZ
7y8WQqo4msi9bcmoMYH6qk,Desse Jeito Ela Ta Facin,1074672,6ogNxRbtZDpaCtOUBaf09u
7yFklz7NkEsgnIzsC08k4q,"Gira Gira Gingiraagirey (From ""Champion"")",7036035,0WiZi3Q419nMpAQEqfBCbk
7yw2FQNzWJ17ZEVlpMe6hb,The Fate of Ophelia - Acoustic Guitar Instrumental,612574,511vWnluvbgTL9TDgqlwVZ
7z81drJrJ391T2RRwFLNTk,FORMULA,5315810,1Sal7hVz3weo0mvYZPiWHT
7zTD7ELYa6WCbaza3VhViM,Zoo,65070154,3xvaSlT4xsyk6lY1ESOspO
